shop_id,new_potential
5764607753587527056,T2
5764607712302992146,T2
5764608023067361315,T3
5764607560959921592,T3
5764607754044706376,T3
5764607775850893221,T3
5764607551212359145,T1
5764607658347463613,T1
5764607673274993882,T1
5764607608896622423,T3
5764607665804938771,T2
5764607797053098908,T1
5764607943744684380,T1
5764607763058265881,T3
5764607605880917574,T3
5764607918306230297,T3
5764607605323075562,T3
5764607687237831692,T3
5764607740195114411,T2
5764607564063706298,T3
5764607642824347566,T3
5764607597584583588,T3
5764607688898774897,T3
5764607638479048072,T3
5764607948220006530,T3
5764607951827108103,T1
5764607586993966294,T2
5764607524612082128,T2
5764607684121464740,T2
5764607698763779576,T3
5764607726844644868,T2
5764607784973504491,T3
5764607796214238999,T3
5764607606900133349,T3
5764607617503333271,T2
5764607682204667652,T3
5764607812840456763,T1
5764607936064913537,T1
5764607611870384052,T3
5764607760642346485,T1
5764608024279515145,T3
5764607533499812479,T3
5764607542295268929,T1
5764607554702019151,T1
5764607595881695088,T3
5764607598486360003,T3
5764607704635803961,T3
5764607663535819585,T3
5764607980700696711,T3
5764607531348135922,T3
5764607712302992978,T2
5764607553510834877,T2
5764607582405396875,T3
5764607750064312252,T3
5764607750697651357,T3
5764607600600289199,T3
5764607652005678380,T3
5764607970701476284,T2
5764608057217384709,T2
5764607555004010418,T3
5764607704174431651,T1
5764607908424450230,T1
5764607535911537080,T1
5764607555490549281,T2
5764607691771871470,T3
5764607911893139477,T3
5764607765654539905,T3
5764608016247423144,T3
5764607591158909880,T1
5764607626391064146,T3
5764607641280843220,T1
5764607770608011307,T2
5764607783329336873,T1
5764607549031320694,T2
5764607591301516917,T1
5764607738710331289,T3
5764607757039439582,T3
5764607776912051757,T1
5764607544698605185,T3
5764607660687888210,T2
5764607705134927441,T2
5764607721979252266,T2
5764607804720283761,T3
5764607916141969595,T1
5764607766942190500,T3
5764607863885136468,T2
5764607541527710628,T2
5764607552609062430,T1
5764607652370582981,T3
5764607693785140810,T1
5764607581482650978,T1
5764607634532208163,T3
5764607673031724617,T3
5764608058639253518,T1
5764607586926857335,T2
5764607828409712788,T2
5764607920667623687,T1
5764607540583991020,T3
5764607611681639655,T1
5764607724214816677,T3
5764607556799172068,T1
5764607684616389780,T1
5764607587379842581,T3
5764607679281237434,T2
5764608065354334370,T1
5764607632313421811,T3
5764607705256561222,T1
5764607707865416075,T2
5764607721358493858,T2
5764608012522881176,T3
5764607597127405490,T3
5764607682645068463,T1
5764607720892927816,T3
5764607535932508695,T3
5764607658016116144,T2
5764607747153462220,T3
5764607606057078201,T3
5764607971766829235,T1
5764607682141752835,T1
5764607962396754517,T1
5764607649321324072,T2
5764607573635107965,T1
5764607721081671200,T3
5764607599572684786,T3
5764607637979926211,T3
5764607698948329244,T1
5764607717256465757,T2
5764607759153369075,T3
5764607914363584762,T1
5764607563967237936,T2
5764607616756747569,T1
5764607922588614770,T3
5764607534716161399,T3
5764607627410279880,T1
5764607642774015185,T3
5764607782456922038,T1
5764607790849724126,T2
5764607851126063199,T1
5764607651066154384,T1
5764607786076606227,T3
5764607796604308668,T2
5764607799003447635,T1
5764607941140021392,T1
5764608033230159980,T1
5764607593537080812,T3
5764607603762793987,T1
5764607639980609120,T1
5764607788165369566,T3
5764607595852336064,T2
5764608025571361365,T2
5764607571454070169,T3
5764608015660220441,T3
5764607537165635111,T2
5764607548733525542,T1
5764607689188183384,T1
5764607754870984322,T1
5764607786022079993,T2
5764607941798527318,T1
5764607554936901250,T2
5764607589435051025,T1
5764607678329130491,T3
5764607764211699006,T1
5764607927156211848,T3
5764607949235028119,T1
5764607607403450270,T3
5764607639162720189,T3
5764607708347763628,T3
5764607778807877080,T2
5764607802509886076,T1
5764607614311468410,T2
5764607700403752184,T2
5764607829705752745,T3
5764607900664987756,T3
5764607971942990374,T1
5764607537178218011,T2
5764607596011720076,T1
5764607957871100042,T3
5764607643679983843,T3
5764607726945307994,T1
5764607552080580502,T1
5764607796432341945,T2
5764607788798709702,T2
5764607878036717700,T3
5764607690421306186,T3
5764607935658066026,T1
5764607627414474115,T1
5764607747770027369,T1
5764607653641457236,T3
5764607839314903633,T1
5764608005572919436,T1
5764607545730403959,T1
5764607580891251658,T3
5764607583449780053,T1
5764607609303469841,T2
5764607636901989707,T2
5764607773212672186,T3
5764607932269068500,T1
5764608036614963834,T1
5764607627292839420,T1
5764607631310982417,T3
5764607646003627643,T2
5764607689242709481,T1
5764607740102839296,T1
5764607792133180902,T3
5764607576084581787,T1
5764607625669643801,T3
5764607626890186110,T2
5764607649937887162,T3
5764607655621168633,T1
5764607919908454572,T3
5764607608976312495,T1
5764607738139902291,T2
5764607743386978921,T2
5764607618010844055,T1
5764607658318106615,T3
5764607689049770942,T3
5764607738383175210,T2
5764607756586453941,T1
5764607909884067969,T3
5764607676013875130,T2
5764607678400433933,T2
5764607680745049677,T3
5764607732959940075,T1
5764607748692774446,T2
5764607561379351775,T1
5764607564499913657,T2
5764607566152469112,T2
5764607664173353178,T2
5764607682527627173,T2
5764607697534848560,T2
5764607715163508217,T3
5764607717411655592,T3
5764607855160983611,T3
5764607534321896640,T2
5764607543549364911,T1
5764607790535151108,T3
5764607541825507269,T1
5764607551011030785,T1
5764607597865602259,T1
5764607675405699522,T1
5764607892398015051,T1
5764607984630759564,T3
5764608050028347498,T2
5764607537174023516,T1
5764607546422464075,T1
5764607621307564748,T3
5764607537861889948,T3
5764607615381015063,T2
5764607617155205613,T2
5764607621483728272,T1
5764607697027334239,T1
5764607724260954107,T3
5764607730179116830,T1
5764607751867862132,T2
5764607762513006165,T3
5764607604308053760,T1
5764607618346385519,T2
5764607625317321702,T2
5764607546359549187,T1
5764607565854674515,T3
5764607596254989834,T3
5764607627833904170,T1
5764607796906297962,T1
5764607573253426963,T1
5764607673501486251,T2
5764607709962571144,T1
5764607755579818246,T1
5764608035021127815,T2
5764607683538455717,T2
5764607735375858671,T1
5764607753537194238,T2
5764608018281660548,T3
5764607551728257481,T2
5764607605763476180,T3
5764607765339967198,T1
5764607786529590769,T2
5764607790069583143,T2
5764608043451678729,T2
5764607539585748317,T1
5764607711980031962,T1
5764607553972210758,T1
5764607574201337937,T2
5764607606744943294,T3
5764607630908329210,T3
5764607699497782655,T1
5764607760101277912,T3
5764607768552803690,T1
5764607558032297413,T2
5764607604098338793,T3
5764607816380449019,T1
5764608022756982933,T3
5764607585161055768,T1
5764607686977784598,T1
5764607774877811070,T3
5764607546552484582,T2
5764607600562538510,T1
5764607759786708739,T2
5764607760675900893,T1
5764607640727194482,T3
5764607645642919456,T3
5764607758721355747,T1
5764607970336571848,T1
5764607560943144319,T2
5764607688345128174,T2
5764607687774702540,T3
5764607738815188467,T3
5764607750144003472,T3
5764607723149461289,T3
5764607561605844768,T3
5764608057850724925,T1
5764607745693847067,T3
5764607649803669420,T3
5764607649086442485,T3
5764607767382591731,T2
5764607821736575145,T3
5764607561203190647,T3
5764607602038935006,T3
5764607612352728084,T3
5764607684645752395,T3
5764607693835471286,T3
5764607539980012273,T3
5764607548687388601,T3
5764607608703684080,T2
5764607639636676141,T2
5764607644724364317,T2
5764607665926573411,T2
5764607680921209835,T1
5764607683521678538,T2
5764607690987538278,T3
5764607696310112044,T3
5764607711644487254,T3
5764607745807093503,T3
5764607756318018411,T3
5764607757437897624,T2
5764607784499546496,T3
5764607906977415194,T3
5764607997897343550,T2
5764608058278543415,T3
5764607669642726018,T2
5764607733454867882,T2
5764607552206409646,T3
5764607712021974500,T3
5764607553892519463,T3
5764607975575257224,T3
5764607591452512179,T2
5764607631449395131,T3
5764607777469894124,T3
5764607782888933222,T2
5764607792384839116,T1
5764607600466071079,T3
5764607641746410905,T2
5764607709157265353,T3
5764607731181555480,T2
5764607568975237105,T2
5764607668967443775,T1
5764607862073196607,T3
5764607956944159079,T1
5764607571407931277,T2
5764607741944139123,T2
5764607752148880860,T3
5764607875062956164,T1
5764607588722019704,T1
5764607538683973012,T2
5764607556958555347,T1
5764607620774890226,T1
5764607724244175271,T3
5764607585848921463,T3
5764607653658234654,T1
5764607575296052810,T3
5764607753931460056,T1
5764607574968897310,T3
5764607594753428631,T2
5764607598700269394,T3
5764607612856045549,T3
5764607641876434551,T3
5764607660746608121,T3
5764607696284945314,T3
5764607709207594817,T2
5764607717252271614,T2
5764607757735694231,T1
5764607782029102598,T3
5764607814266519646,T1
5764607826992038033,T3
5764607828762034348,T2
5764607869400645917,T1
5764607901529015047,T2
5764608042067558529,T2
5764608072472068129,T3
5764607645089270687,T3
5764607679943937020,T3
5764607705344642184,T3
5764607738647415049,T3
5764607562323070889,T3
5764607777302122397,T3
5764608026838040747,T3
5764607581205826193,T3
5764607602592581383,T3
5764607612818294530,T3
5764607700915457854,T2
5764607713506758574,T3
5764607609076976468,T3
5764607649191300728,T3
5764607684712861208,T3
5764607721656290831,T3
5764607679516118813,T3
5764607747849719131,T3
5764607652706126708,T3
5764607919774237172,T3
5764607926380265616,T2
5764607550755180533,T1
5764607809048805489,T1
5764607587744746387,T1
5764607696813428491,T3
5764607532031806832,T1
5764607539405393201,T3
5764607643537378752,T1
5764607663061863126,T2
5764607846919176357,T2
5764607774772956664,T3
5764607527527123500,T1
5764607555293416862,T3
5764607655147208938,T2
5764607656304837258,T3
5764607677993586251,T3
5764607922676695044,T3
5764607541741621059,T3
5764607677842589760,T1
5764607747770027797,T1
5764607857971167301,T1
5764607692648484210,T3
5764607779512520300,T2
5764607784453410380,T3
5764607882855972983,T1
5764607885141868676,T3
5764607588919152410,T1
5764607641247289276,T2
5764607748487250285,T2
5764607762546560009,T1
5764607895141089386,T3
5764607575837118392,T1
5764607714471448508,T1
5764607716954474954,T2
5764607787506863365,T1
5764608038313656865,T1
5764607548372815805,T3
5764607556404906445,T3
5764607703117467110,T3
5764607729818406510,T1
5764607759551826840,T2
5764607985008247205,T2
5764607732930579908,T1
5764607704262512148,T3
5764607747933605846,T3
5764607566534151666,T3
5764607588914958275,T3
5764607589883842090,T2
5764607598708656035,T3
5764607606027717962,T3
5764607617381696505,T3
5764607648096587167,T2
5764607714341424503,T2
5764607739188480469,T1
5764607740895563556,T2
5764607780737255873,T3
5764607788014374879,T3
5764607887557787915,T2
5764608018445238540,T1
5764608069368283231,T1
5764607550478355991,T2
5764607766686335259,T1
5764607613720071802,T3
5764607738995543607,T1
5764607756632591916,T1
5764607553414368695,T1
5764607708901410991,T3
5764607794423270914,T3
5764607710897901110,T1
5764607531247471620,T3
5764607850610163816,T3
5764607601091022785,T2
5764607638613265365,T3
5764607752413121937,T2
5764607627305422841,T2
5764607634234413041,T3
5764607651934374362,T1
5764607652320251256,T2
5764607742283877562,T3
5764607757811190367,T2
5764607763045682367,T3
5764607787074850648,T1
5764607793219506104,T2
5764607795517984681,T3
5764607795866108805,T2
5764607806725161343,T2
5764608005027659915,T2
5764608062980358918,T1
5764607790941998712,T3
5764607806943264914,T3
5764607589825120825,T3
5764607610582732098,T1
5764607681755876218,T3
5764607688651312514,T1
5764607866699514659,T2
5764607544350478106,T1
5764607572091604442,T3
5764607598381502036,T1
5764607678576594105,T1
5764607730057481119,T2
5764608034723332185,T3
5764607602819072841,T1
5764607604979141652,T1
5764607717130635967,T1
5764607794393910295,T1
5764607566735475065,T1
5764607754850012584,T3
5764607600352825325,T3
5764607602290593233,T2
5764607662743095996,T1
5764608071943585960,T1
5764607685069376710,T3
5764607686193450834,T2
5764607735254224238,T3
5764607670523529051,T3
5764607737695308680,T3
5764607768124984202,T3
5764607791499840473,T3
5764607630669253567,T3
5764607754040511711,T3
5764607549652077965,T3
5764607610528206518,T3
5764607660654333948,T3
5764607650759970729,T3
5764607898236485775,T3
5764607638483242229,T3
5764607725192089527,T3
5764607752970964191,T1
5764607663758118266,T1
5764607578966068694,T3
5764607745601572471,T3
5764607525086039580,T3
5764607795245353859,T3
5764607612797325244,T3
5764607659035330968,T3
5764607557390569308,T3
5764607583101652425,T2
5764607603020402676,T3
5764607617281035586,T3
5764607717252271598,T2
5764607741889613711,T2
5764607751981107550,T1
5764607754568993953,T2
5764607766354987871,T3
5764607785816559080,T1
5764607786454092760,T3
5764607788270226963,T1
5764607797875182969,T3
5764607837536518403,T3
5764607922643140947,T2
5764607964196110472,T2
5764607973473910922,T3
5764607975541702792,T3
5764608047104917843,T1
5764608060212117596,T3
5764607526570823633,T3
5764607528198211417,T3
5764607545684265066,T3
5764607569478553091,T3
5764607847556710521,T3
5764607530798681571,T3
5764607584217336751,T1
5764607774710042105,T1
5764607574750793246,T3
5764607581029665683,T3
5764607602399644618,T2
5764607623098533959,T3
5764607663208662961,T3
5764607681357418255,T3
5764607689112684949,T3
5764607690417113017,T3
5764607703914385399,T3
5764607707135610258,T2
5764607718149851240,T1
5764607718401508207,T3
5764607720825819062,T2
5764607750060117402,T2
5764607759098843031,T2
5764607765440629988,T2
5764607796935658810,T1
5764607889336172643,T3
5764607963902509220,T2
5764608053077606560,T2
5764607541255081272,T3
5764607547034832892,T3
5764607547743670215,T3
5764607585593069483,T3
5764607535630519666,T1
5764607697677454621,T1
5764607713565478459,T1
5764607741499542336,T3
5764607529267760621,T1
5764607580765425182,T2
5764607651468808091,T3
5764607719219400041,T1
5764607737619808802,T1
5764607780691117920,T1
5764607784314998547,T1
5764607798047146610,T1
5764607544371449208,T1
5764607719244566072,T2
5764607930067058827,T1
5764608066289664843,T1
5764607612201733618,T1
5764607680967348130,T3
5764607688542258175,T2
5764607693315378368,T3
5764607699451644928,T3
5764607707504707241,T1
5764607715943647583,T1
5764607718208571451,T2
5764607725552799631,T3
5764607757945409017,T3
5764607762219403085,T2
5764607766073969969,T1
5764607767575529312,T2
5764607784352747298,T3
5764607951776776340,T3
5764607958919676539,T1
5764608007581991089,T3
5764608016008348203,T1
5764607527833309079,T3
5764607533554339285,T3
5764607542211380081,T2
5764607573450557859,T3
5764607536649734092,T3
5764607538109353151,T3
5764607563849797107,T2
5764607656623606699,T3
5764607638881701450,T3
5764607639645063694,T1
5764607684939351986,T3
5764607734675409868,T3
5764607603817319957,T3
5764607712676286375,T3
5764607765344160932,T3
5764607573706410930,T1
5764607734453112302,T3
5764607611371260674,T2
5764607568681634209,T2
5764607804862890010,T3
5764607546929974597,T3
5764607559378667266,T3
5764607666748656769,T3
5764607592626916756,T3
5764607609093754407,T3
5764607736059529002,T3
5764607761518955713,T3
5764607787796270425,T1
5764607791088798349,T2
5764607544245619543,T1
5764607548360232781,T3
5764607590622038915,T3
5764607645949101818,T3
5764607701259390298,T1
5764607759333723721,T3
5764607911301742676,T1
5764608041744597550,T1
5764608063227822630,T1
5764607600612871715,T3
5764607600826781627,T3
5764607640953686058,T1
5764607659060498012,T3
5764607684658335727,T3
5764607749342890135,T2
5764607795434097055,T2
5764607755835673838,T1
5764607537698311284,T1
5764607597177736695,T1
5764607652932619587,T1
5764607674998853089,T1
5764607718749635390,T2
5764607539573164867,T3
5764607628223974341,T3
5764607606086438434,T3
5764607611950075255,T3
5764607560062340036,T3
5764607651225537797,T3
5764607771501398830,T3
5764607762705942700,T3
5764607640177741765,T3
5764607576906664828,T1
5764607542102330871,T3
5764607654400626621,T3
5764607975562674288,T1
5764607585257524939,T3
5764607615406181949,T3
5764607592614334439,T3
5764607750873812735,T3
5764607725628296444,T3
5764607663137361418,T1
5764607683605564258,T3
5764607788698045646,T3
5764607873251016843,T2
5764607698218519614,T3
5764607732179799965,T3
5764607833279299983,T1
5764608072333656077,T3
5764607561073167866,T1
5764607651305230266,T3
5764607699028020187,T3
5764607740413214797,T2
5764607761632201843,T2
5764607769957895505,T1
5764607981568917651,T2
5764607560699874447,T2
5764607658653650372,T2
5764607696695987816,T3
5764607718690917657,T3
5764607558476894105,T3
5764608025739133533,T1
5764607747690336201,T3
5764607742220963353,T3
5764607674948521262,T3
5764607547257130544,T3
5764607679100882422,T3
5764607570002841164,T3
5764607793164980175,T3
5764607747795193369,T3
5764607696926674471,T2
5764607759694434229,T1
5764607632888040736,T1
5764607641889017082,T1
5764607711967448298,T1
5764607899515748488,T1
5764607708356152920,T1
5764607950552039583,T1
5764607562423733558,T1
5764607566865501339,T1
5764607590806588346,T1
5764607676630437028,T2
5764607635798887487,T1
5764608004247519828,T1
5764608024501813852,T1
5764607558703385443,T2
5764607633882090917,T1
5764607710335864021,T1
5764607717264854796,T2
5764607714530168785,T3
5764607748390784266,T1
5764607851222532240,T3
5764607863239213086,T2
5764607589053369921,T3
5764607632107900344,T2
5764607608733043184,T2
5764607536075114547,T3
5764607568224456353,T3
5764607623408913983,T2
5764607682762509729,T1
5764607727398292805,T1
5764607538197434146,T1
5764607555259862548,T2
5764607718158241682,T2
5764607728287485718,T3
5764607601749527046,T2
5764607704635805047,T1
5764607527023808453,T3
5764607610431736444,T1
5764607611555811290,T1
5764607648402771211,T2
5764607793651517382,T3
5764607770457018065,T3
5764607795622842310,T3
5764607684373123063,T2
5764607766736670004,T1
5764607865705463956,T3
5764607789515934938,T1
5764607731831669356,T3
5764607560582433768,T2
5764607645387067372,T1
5764607664676670823,T1
5764607713963936566,T1
5764607732666338395,T1
5764607771648199963,T2
5764607637011041878,T2
5764607616534450085,T1
5764608052968554567,T3
5764607567951826352,T2
5764607528806386895,T1
5764607540294585930,T2
5764607571907054158,T1
5764607591288932077,T3
5764607594933781359,T2
5764607638290304911,T1
5764607643864534566,T3
5764607650646724062,T2
5764607659446371326,T3
5764607662495630329,T2
5764607668195691381,T3
5764607699913019316,T3
5764607706300942559,T3
5764607712919556019,T2
5764607720410581625,T3
5764607723908631711,T3
5764607728321040282,T3
5764607771845332468,T2
5764607779042757620,T3
5764607783195119081,T1
5764607794159030255,T3
5764607799334797417,T3
5764607883854217393,T3
5764607895162061401,T1
5764608034010300567,T3
5764608066956558550,T3
5764607681202225222,T1
5764607527703284191,T2
5764607672129948937,T2
5764607678111025286,T3
5764607682976418762,T3
5764607564613159424,T2
5764607608967925702,T3
5764607616261819737,T3
5764607524163292075,T2
5764607544035904727,T2
5764607649933692284,T3
5764607668120195002,T3
5764607705722129599,T3
5764608002754347116,T3
5764607625929689769,T1
5764607742573284968,T3
5764607816166539848,T2
5764608060245672084,T3
5764607538570726599,T1
5764607615582342718,T1
5764607679482563923,T1
5764607776865913918,T3
5764607787003544500,T1
5764607737485593796,T2
5764607794985307514,T1
5764607531608182013,T3
5764607540588187258,T3
5764607564319558773,T1
5764607582451535385,T3
5764608014183825471,T3
5764607581839167401,T3
5764607710704963506,T3
5764607800328847445,T3
5764607570896227832,T3
5764607609227972599,T3
5764607671886676180,T3
5764607688483540578,T3
5764607548783857224,T3
5764607571051416835,T1
5764607641700274131,T3
5764607647903648536,T2
5764608023792975903,T3
5764607574973091179,T1
5764607591679003523,T2
5764607753851767577,T1
5764607922097881088,T2
5764607532497374471,T1
5764607786114354374,T3
5764607934412357674,T3
5764607613028011224,T2
5764607711514464246,T3
5764607771270709363,T3
5764607786793831944,T1
5764607748109763310,T2
5764607772717747469,T3
5764608056097505412,T2
5764607524536586226,T1
5764607744905317642,T2
5764607756506762786,T2
5764607920885727322,T3
5764607570300635562,T2
5764607577003134191,T2
5764607650785136469,T3
5764607990502785024,T3
5764607531515904286,T1
5764607579876232822,T3
5764607784340163509,T3
5764607531851450392,T3
5764607538767855958,T1
5764607569411443850,T1
5764607554295172681,T1
5764607718531534098,T2
5764607723795386299,T3
5764607777969016416,T1
5764607533785024456,T2
5764607535005566707,T3
5764607540714015652,T2
5764607552269324049,T2
5764607572607503699,T3
5764607624310688701,T2
5764607629020893173,T2
5764607687648873676,T2
5764607688227686580,T3
5764607702547041267,T2
5764607718267292064,T3
5764607768196285296,T2
5764607832331386897,T3
5764607987457720464,T3
5764607527892029214,T3
5764607528663781271,T1
5764607567792443094,T3
5764607572947242231,T2
5764607577938464548,T3
5764607585819561482,T2
5764607589959339806,T3
5764607597186124227,T3
5764607617276840758,T2
5764607640773329916,T3
5764607645290598334,T3
5764607649401015590,T2
5764607675330203157,T2
5764607712630148243,T2
5764607730527244260,T1
5764607741356937140,T1
5764607746310409991,T3
5764607795895471414,T2
5764607893966684701,T2
5764607960886804906,T2
5764607544069459816,T3
5764607567188463598,T3
5764607569738599531,T3
5764607593432223117,T3
5764607596506645500,T3
5764607609332829690,T3
5764607662390775788,T3
5764607676227784473,T3
5764607676248755386,T2
5764607677733538222,T2
5764607737561090638,T1
5764607740874592178,T3
5764607749913316845,T3
5764607757588892989,T1
5764607773623717668,T3
5764607782645665261,T3
5764607786911272261,T2
5764607793571824696,T2
5764607817529688237,T3
5764607978465132988,T2
5764607985637392537,T1
5764608055845847099,T3
5764607536645541344,T3
5764607539350867480,T1
5764607996068626569,T3
5764607673279188435,T1
5764607711912923057,T3
5764607611081853684,T2
5764607550243473685,T2
5764607568186707909,T1
5764607674927550387,T1
5764607686977785071,T2
5764607702991637437,T1
5764607596582143833,T1
5764607599316831590,T3
5764607718456036516,T2
5764607881023062194,T1
5764608009406513156,T3
5764607643155696645,T1
5764607695521582567,T3
5764607786663808413,T1
5764607729638050762,T1
5764607756955553131,T3
5764607615796252596,T3
5764607622473583047,T1
5764607627196370553,T3
5764607655340150766,T1
5764607759807679415,T1
5764607793966091703,T2
5764607926313156716,T1
5764607578718604252,T1
5764607656346783550,T3
5764607732175601731,T1
5764607738538364140,T3
5764607564835457961,T3
5764607577464505436,T2
5764607598587023292,T2
5764607601325903850,T3
5764607629218025405,T3
5764607654648089966,T3
5764607659333127951,T3
5764607707496317947,T2
5764607708888829049,T3
5764607737418485692,T3
5764607743605083003,T2
5764607748755689279,T3
5764607855005794512,T3
5764607533881494078,T2
5764607550713236877,T2
5764607687137168602,T1
5764607702140194766,T3
5764607741885418411,T3
5764607797367672766,T3
5764607927500144783,T1
5764607993921143003,T1
5764608025344868509,T3
5764607538340040598,T3
5764607676211006244,T3
5764607531910170417,T3
5764607749191896645,T2
5764607942419284064,T3
5764607824425123903,T3
5764607717541678407,T1
5764607572242599153,T3
5764607553615694606,T2
5764607682284357417,T3
5764607664882190416,T3
5764607743441505808,T2
5764607562016885962,T3
5764607554181924723,T3
5764607577317707212,T1
5764607578731188133,T3
5764607609806784261,T3
5764607526323358342,T3
5764607572263570478,T3
5764607611803274779,T3
5764607747258322118,T2
5764607758092210105,T3
5764607537098525558,T1
5764607609471238326,T2
5764607688827472798,T1
5764607762726915848,T2
5764607727402487040,T3
5764607768364060259,T3
5764607768934484928,T1
5764607902632116817,T1
5764607613233532749,T2
5764607727125662556,T2
5764607901981999256,T3
5764608029765664876,T1
5764607571617644619,T2
5764607575891640965,T3
5764607935460933767,T2
5764607556937582494,T1
5764607626923741173,T3
5764607679620975775,T3
5764607724340645445,T1
5764607774789733745,T3
5764608021452554365,T2
5764607554496498565,T1
5764607564470553825,T3
5764607692883364480,T1
5764607752350207368,T3
5764607538386177994,T1
5764607553221429949,T3
5764607759245643398,T2
5764607735719791992,T2
5764607640085463353,T2
5764607778111622486,T3
5764607528294681883,T2
5764607533407535418,T1
5764607639556984268,T2
5764607649963052419,T1
5764607754208284005,T1
5764607821812072839,T2
5764607530400222997,T3
5764607651150040118,T1
5764607680891850129,T1
5764607726622346675,T3
5764607550277029207,T2
5764607645814884903,T2
5764607580572486897,T3
5764607567926660251,T1
5764607571814780406,T2
5764607636465782309,T3
5764607702018559552,T1
5764607607327952211,T1
5764607792770714964,T3
5764607525438361076,T2
5764607539493472158,T2
5764607618740652882,T2
5764607687422381979,T3
5764607697782312918,T3
5764607935750341406,T1
5764607941337153576,T3
5764607582719970889,T2
5764607685149068417,T2
5764607920793452682,T2
5764607532581260804,T1
5764607630425984061,T1
5764607674029968476,T2
5764607775070751952,T1
5764607614823173744,T3
5764607693361516470,T1
5764607698621173289,T3
5764607741268855387,T3
5764607776362597396,T1
5764607791139131326,T3
5764607616425394436,T1
5764607707806698723,T2
5764607782066848055,T3
5764607882600120601,T1
5764607605356629705,T1
5764607603905400193,T1
5764607612327562831,T1
5764607618023427413,T1
5764607704925212172,T2
5764607749636491536,T3
5764607755361718195,T3
5764608016520052841,T2
5764607574264253778,T2
5764607792829434941,T2
5764607523148270939,T1
5764607567075216948,T3
5764607592756936941,T1
5764607642048400865,T1
5764607593113455599,T2
5764607655155599207,T1
5764607688076692094,T3
5764607758956233526,T3
5764607947196596322,T1
5764608046630961874,T1
5764607729717743128,T3
5764607742292265857,T1
5764607778669464638,T1
5764607799108304977,T2
5764607937218347562,T2
5764607684620586035,T2
5764607727381516048,T3
5764607559223479783,T2
5764607564755766596,T3
5764607599895645590,T2
5764607718992907527,T2
5764607830196486307,T3
5764607933464444932,T1
5764607535164952554,T3
5764607559668076036,T1
5764607663732952379,T3
5764607796314902447,T3
5764607866368164017,T2
5764607711074062092,T3
5764607898530087045,T3
5764607962631635025,T3
5764607523437678532,T2
5764607565816925973,T2
5764607597211291591,T3
5764607589372137421,T3
5764607651229729055,T3
5764607716631514269,T1
5764607777222430196,T1
5764607545403247391,T2
5764607605826390794,T3
5764607636436422569,T3
5764607637405305707,T1
5764607650244070762,T2
5764607669982465477,T1
5764607980985910014,T1
5764607562201436146,T1
5764607788748378037,T2
5764607569382080746,T1
5764607586691976429,T3
5764607581218409897,T1
5764607634091806703,T1
5764607636465782295,T1
5764607638239972076,T1
5764607533927629038,T3
5764607620682616108,T2
5764607544048488212,T3
5764607559554829540,T2
5764607631839465034,T3
5764607718531534765,T3
5764607744041289259,T1
5764607748600499449,T1
5764607793349527609,T3
5764607928112513123,T3
5764607528936407923,T2
5764607562742501357,T1
5764607582556392675,T3
5764607856658350156,T3
5764607534988791733,T3
5764607557730307570,T1
5764607608754016081,T3
5764607765918781351,T3
5764607606673640442,T3
5764607647387750002,T3
5764607762231986984,T3
5764607776773638910,T1
5764607677314108825,T1
5764607709115321712,T3
5764607786298903375,T3
5764607988967669879,T2
5764607699774603504,T1
5764607703998271415,T2
5764607727381514998,T3
5764607736785145808,T3
5764607622456806760,T2
5764607649266798053,T1
5764607651561081423,T3
5764607653582736597,T1
5764607777100794821,T3
5764607618610629569,T2
5764607705248173541,T1
5764607722176383898,T3
5764607795027250568,T3
5764607563317119490,T1
5764607603305615124,T2
5764607612595997233,T1
5764607701901117165,T3
5764607557482843442,T1
5764607952531751070,T2
5764607974858031669,T1
5764607585257524764,T2
5764607749003152354,T1
5764607810462285850,T3
5764607554509081206,T2
5764607568203485086,T1
5764607692006756243,T3
5764607781584505836,T3
5764607783337723949,T3
5764607789306220501,T3
5764607985045995623,T2
5764607560972504053,T3
5764607564659297185,T2
5764607643541572952,T1
5764607651573665549,T1
5764607751205161407,T3
5764607862161277089,T1
5764607632204369487,T1
5764607653146529738,T3
5764607703251684719,T3
5764607711497686805,T3
5764607573077265622,T3
5764607621735387122,T1
5764607651003238601,T1
5764607751414874454,T2
5764607541959724619,T3
5764607636126043920,T1
5764607743529585713,T1
5764608038372376631,T1
5764608044026298539,T1
5764607702756756738,T1
5764607793102065635,T3
5764607633307471248,T1
5764607656376141607,T1
5764607663871363158,T1
5764607571982553045,T2
5764607781219598596,T1
5764607812437803603,T1
5764607540252642709,T2
5764607562738306898,T1
5764607633705930171,T1
5764607720997784960,T2
5764607759203699679,T3
5764608018982109192,T2
5764608051106284147,T2
5764607560553073897,T2
5764607584125061315,T1
5764607586654228249,T3
5764607627368336398,T2
5764607682330496981,T3
5764607757878299889,T1
5764607765671316028,T3
5764607661438668168,T1
5764607662759874043,T2
5764607741830892909,T2
5764607529016102901,T3
5764607587686025770,T3
5764607696427552163,T1
5764607733152877922,T2
5764607867630649354,T1
5764607884126847016,T3
5764607908852269200,T1
5764608017556046450,T3
5764607578697633153,T1
5764607602437393932,T1
5764607785254522627,T2
5764607760927557898,T3
5764607819463262301,T2
5764607643302497708,T2
5764607648536987802,T1
5764607702232468819,T1
5764607746226524147,T3
5764607688508706715,T1
5764607540030344547,T1
5764607678622732284,T2
5764607794842701644,T3
5764607821153566892,T3
5764607634158911640,T2
5764607773577580489,T2
5764607777109184292,T3
5764607647748460498,T1
5764607652534160909,T1
5764607565334580050,T3
5764607657089175475,T3
5764607659404431306,T1
5764607688403848186,T2
5764607834021692172,T2
5764607541347355660,T2
5764607556912417031,T1
5764607586343849479,T2
5764607710369417379,T1
5764607732318211588,T1
5764607786676391911,T2
5764607653855363496,T1
5764607782381423781,T3
5764607865458000639,T1
5764607957996929583,T1
5764607665347756871,T2
5764607595873304791,T2
5764607664131410344,T2
5764607695496416011,T1
5764607715138342829,T3
5764607528403734125,T1
5764607559617744813,T3
5764607669500121007,T3
5764607540110036511,T1
5764607719320063933,T1
5764607787670439741,T3
5764608063966019692,T2
5764607525979426292,T2
5764607634888724054,T3
5764607649233244093,T3
5764607557147299768,T3
5764607604043812239,T1
5764607711434771446,T3
5764607591448317717,T3
5764607607604776897,T3
5764607758893321811,T2
5764607561538735440,T1
5764607585957973190,T3
5764607616014356082,T3
5764607695253147123,T2
5764607710763682695,T3
5764607715528412742,T3
5764607779927756713,T3
5764607557222797208,T3
5764607601460120529,T3
5764607605516012440,T3
5764607615167106021,T1
5764607622821708868,T1
5764607646121068274,T3
5764607656980122534,T2
5764607666513776577,T2
5764607694972127147,T3
5764607698356932098,T2
5764607699623612338,T2
5764607706191891589,T1
5764607706951061021,T1
5764607763809046519,T3
5764607771920828325,T2
5764607775548903413,T3
5764607775611816275,T3
5764607782767300117,T3
5764607786969992592,T3
5764607794020617188,T3
5764607796994379564,T3
5764607952498196515,T3
5764608067782836358,T2
5764608068281958505,T3
5764607536645541215,T2
5764607624256162770,T2
5764607635991826254,T3
5764607660620778855,T2
5764607779432827754,T2
5764607774798122991,T3
5764607543511617527,T1
5764607547789806807,T1
5764607570397105582,T2
5764607657072396463,T3
5764607739024902682,T2
5764607781873913743,T3
5764608041698459696,T3
5764607575581265679,T3
5764608009079357617,T1
5764607749766515868,T3
5764607752081772103,T2
5764607888916742175,T1
5764608007384858691,T3
5764607648818007262,T2
5764607709840936947,T3
5764607813612208292,T3
5764607638361608182,T3
5764607669525283153,T1
5764607695961984598,T2
5764607553083018829,T3
5764607586012499324,T2
5764607758343866100,T3
5764607598972899252,T3
5764607631768160862,T1
5764607721337523610,T1
5764607620191882593,T1
5764607654471929191,T2
5764607701892730188,T3
5764607645164768871,T1
5764607694405897592,T2
5764607720423165252,T1
5764607762433314118,T1
5764607790157663826,T3
5764607628060396810,T1
5764607694535918100,T3
5764607703729833936,T2
5764607587224653230,T1
5764607779877421891,T3
5764607621601168373,T3
5764607641956126008,T3
5764607644019723199,T2
5764607646028795215,T3
5764607646393699827,T2
5764607650034353141,T2
5764607728610446682,T1
5764607729189258353,T2
5764607734264368620,T3
5764607760633956202,T3
5764607766380152927,T2
5764607781571923187,T3
5764607789599821397,T3
5764607930943668230,T3
5764607991190651024,T3
5764607999474401423,T3
5764608032923975788,T2
5764607544329506754,T3
5764607552768446387,T2
5764607566978746945,T3
5764607568346091018,T2
5764608038179438739,T1
5764607593214116791,T1
5764607658523625049,T3
5764607694166822837,T3
5764607650059521241,T2
5764607678429790466,T1
5764607535248838138,T2
5764607550713237414,T1
5764607648444714448,T1
5764607776152881693,T3
5764607807136202871,T3
5764607530635103724,T2
5764607636428030035,T2
5764607766925413710,T2
5764607523194408153,T2
5764607565686901935,T2
5764607580597651176,T1
5764607614609263836,T2
5764607692287774714,T1
5764607709568306230,T3
5764607780745645054,T3
5764607830972432465,T3
5764607903282233496,T3
5764608007359692881,T3
5764608020835991647,T3
5764607554257422967,T3
5764607676869509497,T1
5764607712890195490,T1
5764607758234815448,T3
5764607615620089928,T1
5764607718133074381,T3
5764607736294411396,T2
5764607959188111463,T2
5764608015291121789,T3
5764607562759277439,T1
5764607882541400132,T2
5764607899322810431,T3
5764607665406480314,T3
5764607748650830232,T2
5764607743114350179,T2
5764607746381711788,T3
5764607763129568231,T2
5764607793412444094,T3
5764607793659905769,T3
5764607795538955901,T3
5764607823926001764,T3
5764607852522766476,T3
5764607859443367939,T2
5764607869337731227,T3
5764607918436254118,T2
5764607968734347435,T3
5764607977764684414,T2
5764608068223238249,T1
5764607657609269178,T3
5764607676773042980,T3
5764607761879666160,T1
5764607673140776861,T3
5764607529506835211,T3
5764607543641640759,T3
5764607693600590235,T3
5764607747048605487,T3
5764607606119992582,T2
5764607722469985110,T3
5764607665263873743,T3
5764607784000425201,T3
5764607528756054801,T2
5764608013340770919,T2
5764607754367667768,T3
5764607707626344227,T3
5764607622683299062,T3
5764607845572804769,T3
5764607607197928747,T3
5764607675544112629,T3
5764607813566070937,T2
5764607853294518356,T3
5764607906193080466,T1
5764607596531813587,T1
5764607667985976031,T3
5764608048119939468,T2
5764607659370875774,T3
5764607601791471530,T2
5764607749686822957,T1
5764607523949380231,T1
5764607590940806687,T3
5764607619504016188,T1
5764607777163710225,T2
5764607550587407833,T1
5764607617985678827,T3
5764607672100589500,T3
5764607678320742155,T3
5764607689976712085,T1
5764607703306210574,T3
5764607566672562774,T2
5764607572594919926,T2
5764607573077266035,T1
5764607585572097644,T2
5764607612470169074,T1
5764607623090146456,T3
5764607653410770506,T3
5764607673002364841,T1
5764607677595127565,T3
5764607700349226582,T2
5764607720406387289,T3
5764607723329818570,T1
5764607782821826032,T3
5764607807895371866,T3
5764607831786127723,T3
5764607981598278088,T2
5764607531918561067,T2
5764607540336528716,T2
5764607590974361387,T3
5764607603049759779,T2
5764607604790398456,T2
5764607625808056291,T3
5764607666002071546,T1
5764607679566449045,T2
5764607739201063865,T1
5764607741180774585,T3
5764607760633957737,T3
5764607777339868188,T3
5764607791776664717,T2
5764607796205850230,T3
5764607857845338573,T1
5764607873481703964,T2
5764607910852952327,T3
5764607967807406136,T2
5764607982101594403,T3
5764608028062777478,T1
5764607535534050935,T2
5764607543276735992,T3
5764607716191112598,T3
5764607947578278039,T3
5764607791483063585,T3
5764607985805164680,T1
5764608035935486093,T3
5764607541401881021,T3
5764607549534638006,T3
5764607580148862474,T1
5764607598507331502,T3
5764607661195397536,T2
5764607702815477540,T2
5764607702895168636,T3
5764607556283273148,T3
5764607682775092826,T3
5764607535135592380,T3
5764607570334191599,T1
5764607602219290549,T3
5764607631650719954,T3
5764607652123119098,T1
5764607652261531081,T3
5764607684729638680,T3
5764607741524708375,T1
5764607772050852829,T1
5764607563744939520,T1
5764607595994943403,T2
5764607935108612202,T3
5764607981749272609,T3
5764607588034153050,T2
5764607598436027435,T1
5764607617536887057,T1
5764607710507831056,T2
5764607713716472360,T1
5764607625430568511,T3
5764607793576018980,T1
5764607666115316631,T3
5764607920554377331,T3
5764607546544098065,T3
5764607627498360358,T3
5764607722201550847,T3
5764607595743283141,T3
5764607887188689042,T3
5764607636482559515,T3
5764607716384048937,T2
5764607730447550391,T3
5764607677779676743,T3
5764607712013585743,T2
5764607668707397321,T3
5764607542018444447,T2
5764607789838894939,T3
5764607786982575492,T3
5764607993325551727,T3
5764608066440659078,T2
5764607641951931672,T1
5764607539422169340,T1
5764607598570242360,T2
5764607683211300351,T3
5764607712659508764,T2
5764607575241526598,T1
5764608041551659107,T1
5764607599908228457,T2
5764607623673155080,T1
5764607664513092433,T2
5764607761862888793,T2
5764607970508537987,T2
5764607557344430901,T3
5764607681646823606,T3
5764607724151901554,T3
5764607641419254220,T3
5764607663372240938,T2
5764607666916426612,T3
5764607680795379987,T2
5764607689876049259,T2
5764607694196182969,T2
5764607760990472665,T3
5764607763167314947,T2
5764607772193460158,T3
5764607795882888551,T2
5764607853823000713,T3
5764607863008526966,T2
5764607878401622603,T1
5764607891957612703,T3
5764607961109102592,T3
5764608034224210000,T2
5764607557424123115,T3
5764607565766594095,T3
5764607576831167530,T1
5764607783316753834,T1
5764607551115889091,T1
5764607626814688060,T1
5764607640387453267,T1
5764607697031530767,T1
5764607883854217370,T1
5764607571131109293,T3
5764607787662052758,T3
5764607972786045560,T1
5764607620292545625,T3
5764607694095518928,T2
5764607585580484814,T1
5764607670615805020,T3
5764607741398879194,T3
5764607741621174913,T1
5764607773472722093,T1
5764607529905294761,T2
5764607711317331536,T3
5764607786655419828,T2
5764608004687921283,T3
5764607583927930260,T1
5764607635765332869,T2
5764607639972218996,T2
5764607663628094769,T2
5764607603003623953,T1
5764607740320944046,T2
5764607550818094883,T3
5764607527317409002,T3
5764607633647206517,T2
5764607644946662342,T2
5764607984479764647,T1
5764607987394805854,T3
5764607615133552482,T1
5764607696373026171,T1
5764607750601182106,T1
5764607667885311072,T1
5764607718854495567,T2
5764607783929121401,T1
5764607720066649635,T2
5764607774118645679,T2
5764607969556431426,T1
5764607618728071152,T2
5764607627141844020,T1
5764607650122435827,T3
5764607670334786907,T1
5764607897947078775,T2
5764607932688499322,T2
5764608048392568970,T1
5764607572813024105,T1
5764607625300545434,T1
5764607704132488746,T3
5764607805705945692,T1
5764608022849258265,T1
5764607595609065913,T2
5764608057234162075,T1
5764607578294980150,T3
5764607602240258441,T2
5764607672138338290,T3
5764607703008415095,T3
5764608053937439278,T1
5764607561945583226,T1
5764607734511832606,T2
5764607845778326110,T1
5764607560934754137,T3
5764607646003629999,T3
5764607697081864145,T3
5764607849217654878,T3
5764608061222945026,T1
5764607755139419938,T2
5764608041643933802,T3
5764607612981873957,T1
5764607623664766395,T2
5764607709455060817,T3
5764607715293532123,T3
5764607560179780968,T3
5764607600491236173,T1
5764607632762211860,T1
5764607545948508070,T3
5764607642019040242,T3
5764607656350977495,T1
5764607693588008427,T1
5764607748214623808,T3
5764607537178217829,T2
5764607591309904090,T3
5764607619998944576,T2
5764608001504444867,T1
5764607541087309606,T3
5764607563086433500,T2
5764607648163695466,T3
5764607568656466150,T1
5764607878099632248,T2
5764608059188707422,T3
5764607696356249113,T2
5764607784851868601,T3
5764607794582654568,T3
5764607531071308089,T1
5764607559684853521,T2
5764607585903447539,T1
5764607614915447856,T3
5764607678421405688,T3
5764607747623227309,T1
5764607931493122176,T3
5764607564986453039,T2
5764607633160669244,T2
5764607640056106403,T1
5764607705919262615,T2
5764607999252103729,T1
5764607764337527372,T1
5764607798206530125,T1
5764607583323949147,T2
5764607646712465915,T2
5764607649514262456,T1
5764607751087722026,T1
5764608033959968917,T2
5764607575023423480,T3
5764607672020897725,T3
5764607686310890848,T1
5764607544216258643,T2
5764607586696170395,T2
5764607572213239116,T1
5764607619982167626,T3
5764607717055139595,T3
5764607554555219956,T3
5764607796373622160,T3
5764607716409215976,T3
5764607608355556755,T3
5764607736067919212,T3
5764607795450875428,T3
5764607639972220508,T3
5764607989898805403,T3
5764607584687099899,T3
5764607616643501510,T1
5764607688634535445,T3
5764607707840253729,T3
5764607942884851863,T1
5764607943652409353,T3
5764608018034196533,T1
5764607533176851666,T1
5764607544736352592,T1
5764607525815848443,T1
5764607552114132730,T3
5764607575954556737,T3
5764607906889334793,T3
5764608048371597471,T3
5764607642081954503,T3
5764608012359303344,T3
5764607664710224842,T1
5764607730640489973,T1
5764607743143709992,T2
5764607840166346907,T2
5764607565242305755,T1
5764607916766920712,T3
5764607625283767640,T1
5764607726756563426,T3
5764607910190252168,T2
5764607568962651080,T2
5764607590349410234,T3
5764607677339274090,T1
5764607671605661192,T1
5764607524645637530,T1
5764607555524103641,T2
5764607638411939770,T1
5764607722910387251,T2
5764608065459191808,T3
5764607732775390668,T1
5764607844675223950,T3
5764607532736449904,T2
5764607572724944811,T2
5764607535416610288,T3
5764607556203580900,T1
5764607960920359051,T1
5764607527430654410,T1
5764607589829315535,T2
5764607695244757458,T3
5764607762995350934,T1
5764608030399005031,T1
5764607615448124416,T1
5764607669974076580,T3
5764607713485787115,T3
5764607742640394034,T3
5764607546942558192,T3
5764607711665458477,T3
5764607827809927331,T3
5764607707932528203,T1
5764607745769341161,T1
5764607918369145456,T1
5764607523680947640,T2
5764607592924712957,T3
5764607606795272532,T3
5764607709622832128,T1
5764607729264758049,T2
5764607737737252397,T1
5764607955128025117,T3
5764607563287759974,T1
5764607683651702565,T3
5764607750139806448,T2
5764607541154418382,T1
5764607575124086089,T3
5764607769437800663,T3
5764607785896250353,T3
5764607792430976472,T1
5764607955262242922,T1
5764607634062444967,T3
5764607719672385114,T1
5764607555339554773,T3
5764607584234114589,T3
5764607548066630444,T2
5764607743718329941,T1
5764607751146442122,T1
5764607794448435369,T1
5764607855622356996,T3
5764607912576811011,T3
5764607649287769531,T1
5764607830011936778,T1
5764607725397610055,T3
5764608014859108454,T3
5764607531201335061,T3
5764607564676074996,T2
5764607663854586703,T3
5764607717935943048,T3
5764607718871272869,T1
5764607596020109307,T2
5764607736504126359,T3
5764607751196773327,T1
5764607783409028466,T1
5764607925256192168,T2
5764607543058632223,T3
5764607573085654969,T3
5764607579872038836,T3
5764607606006746027,T1
5764607617788546509,T3
5764607843874111522,T3
5764607594480799578,T3
5764607657697348482,T1
5764607559936511315,T1
5764607587623109019,T2
5764607634360240781,T3
5764607685467836015,T1
5764607626403647097,T3
5764607684121463580,T1
5764607692904337181,T3
5764607730263003085,T1
5764607784310803994,T1
5764607793240476154,T1
5764607793399860758,T1
5764608027819507817,T3
5764607616572198840,T1
5764607624629456177,T1
5764607631088684415,T1
5764607743458282493,T1
5764608072568537126,T3
5764607682234027383,T1
5764607530911927788,T1
5764607636558056654,T1
5764607697505488872,T3
5764607714442088358,T1
5764607759174340004,T1
5764608058391790141,T3
5764607738169264397,T3
5764607782305926919,T1
5764607560746012016,T1
5764607675833519944,T3
5764607722444820077,T2
5764607729365421427,T2
5764607597156764608,T2
5764607589862870394,T1
5764607730741153707,T3
5764607773531442388,T2
5764607682548600049,T3
5764607893836661189,T1
5764607708410678782,T3
5764607932646555764,T3
5764607533504007766,T3
5764607761246326160,T2
5764607795085971385,T3
5764607582443147191,T2
5764607656044793308,T2
5764607574603992469,T3
5764607610817613394,T3
5764607693025971058,T3
5764607694015825938,T3
5764607709530558029,T3
5764607767789440575,T3
5764607626495921940,T3
5764607648843172603,T2
5764607572318095290,T3
5764607763548997806,T3
5764607664601173588,T3
5764607679499341747,T3
5764607761590258733,T1
5764607972253368473,T1
5764607557277323039,T1
5764607610612092361,T1
5764607697400627599,T2
5764607684930964900,T1
5764607545487134643,T3
5764607776408735110,T2
5764607993010979212,T2
5764607554534247860,T1
5764607715251588454,T1
5764607721232666120,T3
5764607884487557275,T3
5764607764266225020,T2
5764607637988314167,T1
5764607773380446834,T3
5764607782716967155,T1
5764607806247010809,T1
5764607554458750228,T1
5764607941177769986,T3
5764607551317216741,T2
5764607616983240025,T1
5764607771799195223,T3
5764607778833043233,T3
5764607792334507988,T3
5764607722046361543,T3
5764607872034669141,T2
5764607608166811893,T2
5764607714341424607,T2
5764607769039343025,T1
5764607544061071152,T1
5764607601682419141,T1
5764607977315893388,T2
5764607620720364931,T1
5764607628756651060,T3
5764607691868344245,T1
5764607781152493365,T3
5764607531557847718,T1
5764607574578826252,T1
5764607635350097349,T1
5764607704405115117,T1
5764607708679114295,T2
5764607726332939770,T3
5764607773279784219,T1
5764607587576975304,T2
5764607600436711029,T3
5764607696654044711,T1
5764607704707105219,T3
5764607731336742635,T3
5764607779562849134,T3
5764607595260940239,T3
5764607595760062434,T3
5764607620523232391,T2
5764607626290400489,T1
5764607654933303228,T2
5764607705097178601,T2
5764607705256562597,T3
5764607740811677591,T3
5764607749049290352,T2
5764607766275296749,T2
5764607767902686513,T2
5764607776823971395,T2
5764607834508230843,T3
5764607978943283832,T2
5764608061604626499,T3
5764608052381351971,T3
5764608071549321435,T1
5764607576164273434,T1
5764607583588192182,T3
5764607591192463440,T1
5764607664097855909,T1
5764607664324349164,T3
5764607716027534541,T2
5764607729927457690,T3
5764607738903268846,T2
5764607753486861293,T3
5764607755487546872,T3
5764607769907564044,T3
5764607775460821829,T3
5764607793475357506,T1
5764607896030281753,T3
5764608035205677306,T2
5764608062003085413,T2
5764607527233522658,T2
5764607532828725162,T2
5764607539879350055,T3
5764607542035220578,T3
5764607608858873775,T3
5764607665574252386,T3
5764607668644482760,T3
5764607542991523220,T1
5764607592245233716,T3
5764607670729051926,T3
5764607745928727345,T2
5764607843433709729,T1
5764607584909397475,T2
5764607702899363776,T1
5764607782532418208,T1
5764607785774615315,T2
5764607969279606920,T3
5764607568199289922,T3
5764607609030838793,T2
5764607679805525200,T1
5764607708788166243,T3
5764607571768642928,T2
5764607680107515111,T1
5764607681948814530,T2
5764607766858304819,T3
5764607600625455071,T3
5764607724097376196,T3
5764607622888820248,T3
5764607717415849267,T3
5764607757072993824,T3
5764607786529589037,T3
5764607534791658682,T3
5764607628576296906,T3
5764607590257135097,T3
5764607843253354509,T3
5764607695118927629,T3
5764607731852643175,T3
5764607621139793731,T1
5764607537178218103,T3
5764607552323849579,T1
5764607663141554697,T1
5764607760160001403,T2
5764607765688093642,T1
5764607778723990426,T1
5764607716895755430,T1
5764607717352935352,T1
5764607764920536022,T3
5764607524809214197,T2
5764608046433829467,T2
5764607571642812824,T2
5764607573735771738,T3
5764607615133552157,T3
5764607714161070014,T3
5764607533193628850,T1
5764607540588185334,T2
5764607602022157105,T1
5764607627359947025,T2
5764607772390592418,T3
5764607781743889749,T2
5764607788161174477,T1
5764607796990184371,T3
5764607603179785828,T3
5764607646641163685,T1
5764607637229143808,T1
5764607702983246658,T1
5764607739012320507,T2
5764607750307580355,T3
5764607531218112025,T2
5764607754195700769,T1
5764607613103508817,T3
5764607689980905548,T2
5764607725796068890,T2
5764607560402078884,T2
5764607701691400429,T1
5764607956801552526,T3
5764607614105947665,T3
5764607624616872397,T2
5764607675686718120,T2
5764607778522664471,T2
5764607815583531153,T3
5764607616278596901,T1
5764607922689278069,T1
5764607795178246105,T1
5764607611459341863,T3
5764607655881215557,T3
5764607782742134143,T2
5764607904821543127,T1
5764607611518062068,T3
5764607662843760469,T1
5764607858365431924,T1
5764607547341016474,T3
5764607600017280942,T3
5764607729382199232,T3
5764608040226259087,T3
5764607549706603790,T2
5764607568555805862,T2
5764607610809224033,T3
5764607752689946050,T3
5764607916922110252,T1
5764607680174624655,T3
5764607966695915642,T3
5764607652018261530,T2
5764607726953696385,T2
5764607763104402824,T1
5764607770477989405,T1
5764607547059998114,T1
5764607586524204351,T3
5764607689565670948,T2
5764607732607617868,T1
5764607733324844979,T3
5764607606241627514,T2
5764607552692948554,T2
5764607575317024294,T2
5764607742564896365,T3
5764607754539634179,T1
5764607790417709530,T1
5764607765751009207,T3
5764607709882879435,T2
5764607617142623700,T1
5764607843945414806,T1
5764607689204960566,T2
5764607792128986698,T1
5764607560725040965,T3
5764607653444323944,T3
5764607669579812359,T1
5764607951348957343,T1
5764607630165938163,T2
5764607658519432680,T3
5764607777390201300,T1
5764607534435139814,T3
5764607724462280169,T3
5764607730376247864,T2
5764607762420731197,T3
5764607898987266817,T2
5764607730023925416,T3
5764608018235523192,T3
5764607792791686576,T1
5764607929349832710,T3
5764607629763282777,T3
5764607705638243562,T3
5764607777474088146,T3
5764607922395677447,T3
5764607589112090526,T3
5764607596657642795,T3
5764607700638633925,T3
5764607706342886492,T1
5764607741226912349,T3
5764607777931266686,T1
5764607542299462646,T1
5764607616744164382,T3
5764607637216562956,T3
5764607723338206401,T2
5764607925763702865,T3
5764608022798926000,T1
5764607533390761563,T3
5764607612608580600,T2
5764607629125749946,T2
5764607796247792430,T3
5764607562612477713,T3
5764607652647407548,T3
5764607736256663317,T3
5764608039152517257,T3
5764607540147785009,T2
5764607804288270719,T1
5764607615318100768,T1
5764607715083816210,T1
5764607914158063619,T3
5764607959066476687,T2
5764607569923148198,T3
5764607582657056082,T1
5764607618136673047,T1
5764607708431650330,T2
5764607764228476170,T1
5764607803344552048,T3
5764607968994394260,T1
5764607596783472575,T3
5764608002653684257,T1
5764608050913345682,T1
5764607570258694072,T3
5764607630795082740,T2
5764607655650525499,T1
5764607540139396045,T1
5764607570132864266,T1
5764607595026055486,T2
5764607659488317357,T2
5764607736613179331,T3
5764607661296060586,T1
5764607528743473143,T2
5764607667595906394,T1
5764607610926661981,T1
5764607554433585000,T3
5764607734776073707,T1
5764607774496133031,T3
5764607932441034847,T3
5764607585819559021,T2
5764607651573661924,T3
5764607670464810994,T3
5764607689829912087,T2
5764607748223012313,T3
5764607690966568470,T2
5764607694049381508,T1
5764607557096967953,T3
5764607690836545520,T3
5764607861385330846,T3
5764607582074046976,T2
5764607626667888409,T3
5764607707123027495,T3
5764607728832742465,T2
5764607523194408457,T3
5764607560586628647,T3
5764607696251391355,T2
5764607747749055051,T3
5764607788882591995,T1
5764607883841634722,T1
5764607590970166425,T1
5764607629578735128,T1
5764607856956146282,T1
5764607557721918336,T2
5764607653880532410,T2
5764607778677854130,T2
5764607911985414250,T3
5764607923628802184,T2
5764607667096784036,T1
5764607710751100846,T3
5764607673144970785,T3
5764607694808550806,T1
5764607786437316559,T2
5764608005967183925,T1
5764607553380814797,T1
5764607571433098546,T2
5764607751498763477,T1
5764607783165757913,T3
5764607597160959933,T3
5764607634804837860,T1
5764607706997195729,T3
5764607721060698898,T2
5764607784054951875,T2
5764607638588099902,T1
5764607654534843885,T3
5764607657139506050,T3
5764607719974374764,T1
5764607720595131643,T1
5764607738148294559,T2
5764607655193348618,T3
5764607748361424713,T3
5764607795320851989,T3
5764607907891773545,T2
5764607635811470556,T1
5764607719118736967,T2
5764607889424252984,T3
5764607921082859610,T1
5764607573521861766,T1
5764607704149265316,T3
5764607782524030230,T1
5764607669537868641,T3
5764607763989400787,T1
5764607790522568655,T3
5764607792569385109,T1
5764607672658431374,T2
5764607758041876942,T1
5764607525295751575,T2
5764607590705923929,T2
5764607608447830623,T2
5764607577229625998,T2
5764607721668873137,T3
5764608009804972072,T3
5764608013915390116,T3
5764607558019713717,T2
5764607610129747442,T1
5764607703088107410,T3
5764607914485219964,T1
5764607537547316607,T2
5764607656862682406,T1
5764607717243880062,T3
5764607733966573035,T1
5764607778489109017,T3
5764607950363295748,T3
5764608009339404556,T2
5764607532199579124,T1
5764607740568407545,T3
5764607781429317123,T2
5764607959494295552,T3
5764607552466456155,T1
5764607560393691038,T3
5764607563149348779,T3
5764607565254888838,T2
5764607572116770719,T3
5764607592060686178,T3
5764607599308443621,T3
5764607621357898399,T2
5764607642455248058,T2
5764607654438374428,T3
5764607668279577175,T1
5764607681948814756,T2
5764607698449207065,T3
5764607722356736938,T3
5764607729881321388,T3
5764607740304166835,T3
5764607743852548009,T3
5764607750420825122,T2
5764607777205652719,T3
5764607813993889886,T1
5764607943664992260,T3
5764607974547652764,T3
5764607525278977631,T3
5764607885091537673,T1
5764607998195138737,T2
5764607676756266354,T1
5764607533856327858,T1
5764607613216755221,T2
5764607674084495297,T3
5764608025428754495,T1
5764607620489678013,T3
5764607754229255700,T1
5764607804082750173,T1
5764608040255619219,T2
5764607688600980826,T1
5764607584234114570,T1
5764607670011825619,T2
5764607787037102031,T3
5764607821564608868,T1
5764607854850605390,T1
5764607858835193923,T3
5764608043661393950,T3
5764607581151301108,T2
5764607596661837757,T1
5764607774571627318,T3
5764607780502376361,T2
5764607789142642631,T2
5764607877545984105,T3
5764607575648374329,T2
5764607641607999486,T2
5764607736994859808,T1
5764607824081191076,T1
5764607572209044849,T1
5764607693109857198,T3
5764607543738109928,T1
5764607647396137458,T1
5764607682418576881,T1
5764607763448333172,T2
5764607533877300239,T3
5764607615687198800,T1
5764607722327379175,T2
5764607756276075857,T1
5764607563388423697,T2
5764607593692270497,T2
5764607540743375841,T1
5764607575925197728,T2
5764607742237740373,T3
5764607762592698197,T1
5764607580031421870,T1
5764607644564981913,T2
5764607655583419788,T1
5764607761745448874,T1
5764607546955141040,T2
5764607666643797930,T3
5764607762064215419,T2
5764607923012239461,T3
5764607572800440783,T2
5764607658049670781,T1
5764607680766021107,T3
5764607771681754103,T2
5764607789750815033,T1
5764607569969286505,T2
5764607588902374626,T2
5764607595562929553,T2
5764607604320636839,T3
5764607627963925360,T2
5764607642983729061,T3
5764607667994365860,T3
5764607690417115060,T3
5764607704358979518,T2
5764607722214132487,T3
5764607739834404359,T2
5764607770725453521,T3
5764607794356161913,T3
5764607821107429644,T3
5764607848269742685,T1
5764607959481713275,T1
5764608016331309468,T2
5764607526029758405,T3
5764607534003128264,T3
5764607582841604159,T3
5764607597848825174,T1
5764607696293334424,T1
5764607698587618462,T1
5764607756917804811,T2
5764607829160493161,T2
5764607775033003635,T3
5764607982269366280,T3
5764607625350877108,T1
5764607670208957239,T2
5764607769827871609,T3
5764607796235209985,T3
5764607773816655156,T1
5764607573232452672,T1
5764607577678414889,T2
5764607593935539363,T1
5764607610133942132,T3
5764607647274503596,T2
5764607700420527099,T2
5764607704648387487,T1
5764607725158534591,T2
5764607727343767520,T3
5764607735442967403,T1
5764607744469110544,T3
5764607781152490538,T3
5764607800467259800,T1
5764607860441612401,T3
5764607897368264737,T3
5764608032554877080,T3
5764608072048443455,T2
5764607539480889385,T3
5764607976070185115,T1
5764607618220560158,T3
5764607667742707025,T1
5764607689716662416,T3
5764607850874405414,T1
5764607607537668071,T1
5764607715125759530,T1
5764607778518469815,T2
5764607528038829856,T1
5764607576021666062,T1
5764607742694918649,T3
5764607744905317284,T2
5764607603234311550,T2
5764607664219491690,T3
5764607734289533960,T2
5764607659165355929,T3
5764607673514069537,T3
5764607789859866532,T1
5764607756284464327,T3
5764607763628690368,T3
5764607718405705292,T3
5764607760029978187,T2
5764607760428435269,T3
5764607699309037826,T3
5764607579989478969,T3
5764607730946674078,T2
5764607614462462210,T3
5764607550058925234,T3
5764607645630335748,T3
5764607883170545667,T3
5764607662642432946,T1
5764607555603795180,T3
5764607776190630529,T2
5764607755353328708,T1
5764608019103744066,T3
5764607656254508287,T3
5764607732746030076,T3
5764607590898862847,T3
5764607619604680099,T3
5764607534837795804,T1
5764607559374474606,T2
5764607563073850862,T3
5764607579872036383,T3
5764607585114917620,T2
5764607632141454820,T2
5764607686650629479,T3
5764607842922004985,T2
5764607897817055299,T3
5764607553447923652,T2
5764607792506473817,T1
5764607793496329726,T1
5764607596515036401,T2
5764607617406865210,T3
5764607658502655325,T2
5764607599258111627,T2
5764607746843086357,T3
5764607526352718289,T1
5764607538985963426,T3
5764607696616295709,T1
5764607697434185661,T3
5764607603980897568,T3
5764607723891854946,T3
5764607576604675712,T3
5764607604308053510,T3
5764607604547127700,T2
5764607606421982399,T2
5764607616446368252,T3
5764607626558836671,T3
5764607632464416387,T2
5764607645114435491,T3
5764607648251776820,T2
5764607652651599928,T2
5764607671861511197,T3
5764607698872830371,T2
5764607719890489296,T3
5764607740635515849,T3
5764607747581284276,T3
5764607578307560507,T3
5764607580312439793,T3
5764607581046443550,T3
5764607585811172853,T3
5764607586775862866,T2
5764607611979434994,T1
5764607635010359222,T3
5764607639154329873,T3
5764607641033376762,T3
5764607645911354568,T3
5764607661287673346,T1
5764607670221540745,T2
5764607700747685838,T3
5764607731521293836,T2
5764607750945115768,T2
5764607607621553422,T2
5764607614626041792,T3
5764607619109752166,T3
5764607637233340368,T3
5764607640215490362,T2
5764607688114442130,T3
5764607688487733682,T3
5764607702328937888,T2
5764607709039822654,T3
5764607733329038771,T2
5764607734042070809,T1
5764607779906782191,T3
5764607997482107046,T2
5764607530081453051,T3
5764607542857306057,T3
5764607550453190573,T3
5764607566769032415,T2
5764607568056683433,T2
5764607698805720895,T3
5764607706653265443,T3
5764607573869989178,T3
5764607702983249514,T3
5764607654492899440,T3
5764607619382382126,T3
5764607791394982882,T3
5764607708263877031,T3
5764607671504996780,T3
5764607549685632158,T3
5764607699996904209,T2
5764607524071018248,T3
5764607599081950629,T3
5764607604530350675,T3
5764607794926587190,T3
5764607590013865281,T3
5764607530182119345,T3
5764607551359159264,T1
5764607694464618284,T3
5764607751368736852,T3
5764607791101378974,T2
5764607816011350369,T1
5764607876438688370,T1
5764607946164797532,T3
5764607775037197547,T2
5764607557185047798,T3
5764607692270995264,T1
5764607772659027310,T2
5764607658238414654,T3
5764607759874787423,T2
5764607790048612105,T2
5764607803898200099,T3
5764607855794323459,T3
5764607970030387839,T2
5764608065027179088,T2
5764607549966649274,T2
5764607559806487967,T2
5764607565372329468,T3
5764607574071314606,T1
5764607588965289274,T3
5764607605503430191,T3
5764607605671202376,T3
5764607620762307573,T2
5764607628718902205,T2
5764607633617847152,T3
5764607682192084477,T3
5764607700059819931,T1
5764607753784659454,T1
5764607892528038394,T1
5764607896101584896,T2
5764607911482097812,T3
5764608037181194452,T1
5764607526805704082,T3
5764608069418614934,T2
5764608029312679989,T3
5764607685572693348,T1
5764607734474083904,T1
5764607738022465105,T3
5764607788811291581,T3
5764607953337057397,T1
5764607999612813459,T3
5764607601262985543,T1
5764607762366205869,T3
5764607580157249625,T3
5764607723166240001,T3
5764607813557682204,T2
5764607869186736175,T2
5764607566571900818,T3
5764607579184172953,T3
5764607616417009590,T3
5764607670158626260,T3
5764607758784269476,T2
5764607760084504517,T3
5764607782704385212,T3
5764607833367380432,T1
5764608007837843583,T1
5764607621114629676,T3
5764607676605271527,T1
5764607849255403521,T1
5764607753663023264,T3
5764607735224864111,T2
5764607619353020840,T2
5764607634595122664,T2
5764607658112585493,T3
5764607661824544695,T3
5764607667910478189,T3
5764607669101661127,T2
5764607686352831519,T1
5764607694783385021,T1
5764607701100006907,T3
5764607714093960595,T3
5764607719991151514,T1
5764607739578551540,T3
5764607750022368446,T3
5764607773531442155,T3
5764607793710238915,T3
5764607951025995989,T2
5764607962149290120,T3
5764608020802437275,T3
5764608063974408749,T2
5764607677666430484,T1
5764607891542377069,T2
5764607673631509896,T1
5764607716048506351,T3
5764607947687329946,T1
5764607593272836408,T1
5764607688852638974,T1
5764607725208866166,T1
5764607763918097860,T1
5764607578194315732,T3
5764607706858786129,T1
5764607710084206144,T3
5764607836743794805,T3
5764607586004109043,T3
5764607589967726894,T1
5764607615129357059,T1
5764607622700075887,T2
5764607634293130920,T2
5764607661166038597,T2
5764607664106245628,T1
5764607671467249562,T2
5764607712705646520,T2
5764607719651413525,T1
5764607744301338530,T3
5764607761128886178,T2
5764607785208382458,T3
5764607834655031429,T2
5764607923624607875,T1
5764607940074668100,T3
5764607943568523416,T2
5764607945934110934,T3
5764607990343401608,T2
5764607999050776648,T3
5764608034085798138,T2
5764608064314146951,T3
5764607523190211577,T2
5764607550776149946,T2
5764607558527225807,T1
5764607582308929289,T1
5764608052016447647,T3
5764607759862206372,T3
5764607673308548450,T2
5764607711149559420,T3
5764607795740281981,T3
5764607598742210978,T3
5764607553728941526,T3
5764607563447144393,T2
5764607623899646529,T3
5764607703121661103,T3
5764607733161266588,T3
5764607854611530355,T1
5764607584074729223,T3
5764607738559335401,T3
5764607654564203003,T3
5764607588617162645,T3
5764607541016006085,T3
5764607670926183906,T3
5764607600759671749,T3
5764607602689050410,T2
5764607737548509130,T3
5764607538436509031,T1
5764607675338591853,T3
5764607678832447066,T1
5764607701842397873,T3
5764607631210319269,T1
5764607996735520849,T3
5764607523672559437,T3
5764607539719965747,T3
5764607544698605511,T1
5764607550167977127,T1
5764607723392732511,T1
5764607570015424039,T2
5764607575518347701,T1
5764607590869503802,T3
5764607726811090412,T1
5764607746188774647,T2
5764607746176190922,T2
5764607989823307804,T3
5764607573882570996,T1
5764607707592789791,T1
5764607733949794443,T1
5764608055858430073,T3
5764607628005871124,T1
5764607723673751149,T3
5764607525396417098,T2
5764607525941676618,T3
5764607641553473225,T1
5764607692065476396,T2
5764607711841618901,T2
5764607758905904503,T1
5764607751729450147,T1
5764607872437321923,T1
5764607526969281949,T1
5764607666476027818,T1
5764607692212276865,T3
5764607799808754394,T1
5764607945179136002,T3
5764607523781611455,T3
5764607544635689637,T3
5764607716539239530,T1
5764607783119618663,T3
5764607565519129063,T2
5764607606371651045,T2
5764607692346493890,T1
5764608053991965275,T1
5764608025797853259,T3
5764607763800657043,T3
5764607760357132678,T2
5764608048178659505,T3
5764607582136962111,T1
5764607637807956217,T3
5764607792149957839,T1
5764607551082335464,T1
5764607642581076925,T3
5764607555582823680,T1
5764607590752063000,T1
5764607784801536184,T1
5764607536179974116,T3
5764607547131301440,T1
5764607684272459700,T3
5764607733496810858,T1
5764607883636113568,T2
5764607725875759887,T2
5764607561052196427,T3
5764607788849040981,T1
5764607792556805930,T3
5764607868574367791,T3
5764607921267408934,T1
5764607555356328304,T2
5764607562432122637,T2
5764607579414859295,T1
5764607586117357130,T1
5764607677641264408,T3
5764607692040310386,T2
5764607704954572186,T1
5764607652508995047,T3
5764607676093566352,T1
5764607735493296180,T1
5764607959192305668,T1
5764607974321160347,T2
5764607643436715807,T2
5764607661237341752,T1
5764607653234609497,T3
5764607687619513671,T1
5764607740966866140,T3
5764607993937920347,T1
5764608049470505054,T3
5764607633647209394,T3
5764607648356634070,T3
5764607670997487602,T2
5764607814266519737,T1
5764608003328966833,T3
5764608021414805563,T3
5764607563879156989,T2
5764607615670422958,T2
5764607661669351756,T1
5764607707127221792,T1
5764607620313517552,T3
5764607619394964925,T3
5764607681135118981,T1
5764607697488707816,T1
5764607738458673097,T3
5764607803763982924,T1
5764607866615628026,T1
5764607873834025581,T1
5764607756821335426,T1
5764607601929883409,T1
5764607788849040976,T3
5764607983011758266,T1
5764607994999079051,T1
5764608050204508163,T3
5764607527178996709,T2
5764607549886958683,T2
5764607714811186503,T1
5764607748235595738,T3
5764607754610937634,T3
5764607757874104841,T1
5764607786294709146,T1
5764607961515950193,T1
5764607552281906661,T1
5764607572372622846,T2
5764607654610337924,T1
5764607687514656237,T1
5764607708150631833,T1
5764607589917395602,T2
5764607603045567308,T2
5764607752291487078,T3
5764607767223206714,T1
5764607782125571428,T1
5764607532203773788,T3
5764607631738800752,T3
5764607695534164569,T2
5764607531897589286,T1
5764607594434661563,T1
5764607633617848832,T1
5764607682515045966,T1
5764607687695011753,T3
5764607731089280964,T3
5764607775951556128,T1
5764607600898084260,T3
5764607708788165456,T3
5764607786848357579,T1
5764608069787713667,T3
5764607542672755849,T3
5764607571160468635,T1
5764607600969387461,T2
5764607997477912747,T3
5764607620112191108,T1
5764607628374968872,T2
5764607729705159101,T2
5764607882121969724,T3
5764607656191592195,T1
5764607767969795520,T2
5764607536771370465,T1
5764607695626439578,T2
5764607701259390368,T1
5764607733085768957,T2
5764607766497594488,T3
5764607796684000712,T2
5764607853168689273,T3
5764607533277515300,T1
5764607609974557830,T2
5764607761477012633,T2
5764607695047624789,T3
5764607709266316450,T1
5764607797518667473,T2
5764607603121065891,T3
5764607575136665927,T1
5764607580664761621,T2
5764607700013682170,T2
5764607612382089195,T3
5764607648008506460,T1
5764607677758703343,T1
5764607705516607748,T3
5764607751716866221,T3
5764607773757931581,T2
5764607818095919198,T3
5764607876824564478,T1
5764608064494501891,T2
5764607564969673449,T2
5764607766833138630,T3
5764607991224206118,T3
5764607658515238359,T1
5764607870243701016,T3
5764607606870772979,T1
5764607724776849474,T2
5764607851423858747,T2
5764607948484248115,T1
5764607571005279500,T1
5764607580937392065,T3
5764607639028501774,T1
5764607674277432189,T1
5764607719844351368,T1
5764607752337625067,T3
5764607980021219363,T3
5764607746352352712,T2
5764607755424632773,T3
5764607771560116284,T1
5764607785770420701,T2
5764607930285162638,T3
5764608028641591887,T1
5764607776421318211,T3
5764607852103336366,T2
5764607699774606946,T2
5764607533843746750,T3
5764607575581265090,T3
5764607608447830419,T3
5764607653553376648,T3
5764607661757434764,T2
5764607682464714035,T3
5764607701779483766,T3
5764607741885416473,T3
5764607744343280618,T3
5764607797225063455,T3
5764607797757741813,T2
5764608026846429689,T1
5764607555876425208,T2
5764607673258217385,T3
5764607757052022126,T1
5764607843769254141,T3
5764607934223614727,T2
5764607934966005762,T1
5764607538029661626,T1
5764607562532785470,T1
5764607644091027382,T3
5764607789390106134,T1
5764607608204562202,T3
5764607669097467833,T3
5764607758507446249,T3
5764608056097505822,T1
5764607562125938207,T1
5764607606518451056,T1
5764607633206807957,T1
5764607633135504038,T3
5764607686071814197,T3
5764607721698233709,T3
5764607545663294879,T3
5764607646406282765,T3
5764607607738992680,T3
5764607725397610029,T3
5764607694628196304,T3
5764607567284932073,T3
5764607717638148045,T3
5764607757081382304,T3
5764607792460334893,T3
5764607810781052936,T3
5764607674399067382,T3
5764607667939838864,T3
5764607543129934722,T3
5764607614827367974,T3
5764607735350693408,T3
5764607579968507669,T3
5764607723073965600,T3
5764607577917493197,T3
5764607722369322287,T1
5764607727318601672,T3
5764607758486474259,T3
5764607709039823854,T3
5764607562436317082,T3
5764607591574145621,T3
5764607622486167146,T3
5764607639393406740,T3
5764607645907160950,T2
5764607651250702761,T2
5764607664844443161,T3
5764607712705646533,T3
5764607718057578022,T3
5764607741050752502,T3
5764607743684775866,T2
5764607747312847682,T3
5764607764924730902,T1
5764607776224183294,T3
5764607778258423729,T3
5764607791206239829,T2
5764607845992235102,T3
5764607846986285198,T3
5764607906809643041,T3
5764607990179823754,T1
5764608036405248134,T1
5764608053362819082,T3
5764607533424316005,T3
5764607781441900453,T3
5764607781819387845,T3
5764607791688584684,T3
5764607972463084237,T1
5764607577992990247,T2
5764607582153736454,T1
5764607754573188738,T2
5764607555050147184,T1
5764607666400530005,T2
5764607898156794462,T1
5764607992692211716,T3
5764607555733819307,T3
5764607751565872027,T1
5764607541049560520,T2
5764607729923264127,T1
5764607759941897578,T1
5764607914451665040,T1
5764607686931647981,T3
5764607945837641947,T1
5764607999365349481,T3
5764607552235769605,T3
5764607680967347998,T3
5764607715079622292,T3
5764607730955062869,T1
5764607794658151974,T3
5764607953043456117,T1
5764607620519037407,T2
5764607630224657212,T2
5764607552885886493,T3
5764607633999531943,T3
5764607687418186958,T3
5764607706279972466,T3
5764607711183113853,T3
5764607788534468554,T1
5764607903198348039,T1
5764607565393301062,T3
5764607631734607226,T1
5764607759543438585,T1
5764607577758109254,T2
5764607586276740472,T3
5764607647018651015,T2
5764607648297913815,T2
5764607734247591834,T3
5764607750479548001,T2
5764607798831481378,T2
5764607816678244360,T3
5764608003408658828,T1
5764608058253378145,T2
5764607523068579449,T1
5764607537467624786,T2
5764607541544488186,T2
5764607548116962697,T2
5764607562402762088,T3
5764607572934659578,T3
5764607584779374356,T3
5764607613208366446,T2
5764607618342194091,T1
5764607670540308400,T3
5764607711707402154,T2
5764607717898193111,T3
5764607726169362427,T2
5764607745421217189,T3
5764607748072017296,T1
5764607772499644340,T3
5764607843836362891,T3
5764607875557884055,T3
5764607523722890711,T1
5764607573115015078,T3
5764607737728863209,T1
5764607583953096623,T3
5764607721014562099,T3
5764607713888439741,T2
5764607739851181293,T3
5764607758796850986,T2
5764607766380154099,T3
5764607761200188835,T3
5764607638223195677,T3
5764607668598344594,T3
5764607583202316190,T3
5764607650441203227,T3
5764607613313224634,T1
5764607621416619379,T3
5764607544086236516,T3
5764607692698814746,T3
5764607618824539725,T3
5764607712332353442,T3
5764607575216360719,T3
5764607756037000723,T3
5764607667944032684,T3
5764607528852524827,T3
5764607582279568923,T3
5764607739385613741,T2
5764607689238515172,T1
5764607547882082237,T3
5764607587962850544,T3
5764607867953610755,T3
5764607548662222228,T1
5764607575832923354,T1
5764607586608090553,T3
5764607702849031275,T2
5764607894637773423,T2
5764607564122426505,T1
5764607664651501629,T2
5764607776379375219,T3
5764607550973282963,T3
5764607560309804414,T2
5764607649048694687,T3
5764607705587912612,T1
