country_code,city,shop_id,new_rank
MX,Tampico,5764607615116771958,T3
MX,Tampico,5764608050120624729,T3
MX,Tampico,5764608054717581097,T1
MX,Tampico,5764607822789348245,T3
MX,Tampico,5764608026913540627,T3
MX,Tampico,5764607972521806498,T3
MX,Tampico,5764607993203918913,T3
MX,Tampico,5764607918117487138,T3
MX,Tampico,5764607991463283035,T3
MX,Guadalajara,5764608006046877660,T3
MX,Guadalajara,5764607936387877477,T3
MX,Guadalajara,5764607983523465580,T3
MX,Guadalajara,5764607748504027491,T1
MX,Guadalajara,5764608020089407992,T3
MX,Guadalajara,5764607524180070324,T3
MX,Guadalajara,5764607728350399160,T1
MX,Guadalajara,5764607928649386590,T3
MX,Guadalajara,5764607962111543355,T3
MX,Guadalajara,5764607982038681304,T1
MX,Guadalajara,5764607930159335390,T1
MX,Guadalajara,5764607746939554250,T3
MX,Guadalajara,5764608044064049625,T1
MX,Guadalajara,5764608067300491893,T1
MX,Guadalajara,5764608018453629712,T1
MX,Guadalajara,5764607970542094052,T3
MX,Guadalajara,5764607689360150099,T2
MX,Guadalajara,5764608067338241775,T2
MX,Guadalajara,5764607858084415999,T1
MX,Guadalajara,5764608045347504195,T3
MX,Guadalajara,5764607753050655414,T3
MX,Guadalajara,5764607902195911085,T1
MX,Guadalajara,5764607675036598387,T2
MX,Guadalajara,5764607697983636430,T3
MX,Guadalajara,5764607900472052475,T3
MX,Guadalajara,5764608064196708055,T1
MX,Guadalajara,5764607784151420226,T3
MX,Guadalajara,5764607928481613652,T1
MX,Guadalajara,5764607829596703555,T1
MX,Guadalajara,5764607938350811072,T1
MX,Guadalajara,5764607852371772482,T1
MX,Guadalajara,5764607963751516948,T1
MX,Guadalajara,5764607896042866847,T3
MX,Guadalajara,5764607965584427649,T1
MX,Guadalajara,5764607906050474164,T3
MX,Guadalajara,5764607893794720289,T1
MX,Guadalajara,5764608044181489413,T3
MX,Guadalajara,5764607802920929767,T1
MX,Guadalajara,5764607831232481763,T3
MX,Guadalajara,5764607839839193840,T3
MX,Guadalajara,5764607949708986479,T3
MX,Guadalajara,5764608064087656181,T3
MX,Guadalajara,5764608033473431468,T3
MX,Guadalajara,5764608068034494599,T1
MX,Guadalajara,5764608029040053213,T1
MX,Guadalajara,5764607795387960339,T1
MX,Guadalajara,5764608050401642657,T1
MX,Guadalajara,5764607848928250697,T1
MX,Guadalajara,5764607919568718437,T3
MX,Guadalajara,5764607942138266662,T1
MX,Guadalajara,5764607530312141276,T1
MX,Guadalajara,5764607835183516141,T1
MX,Guadalajara,5764607921414212110,T1
MX,Guadalajara,5764607946160605797,T3
MX,Guadalajara,5764607986614667575,T3
MX,Guadalajara,5764608038930221231,T3
MX,Guadalajara,5764607633978558508,T3
MX,Guadalajara,5764607806230235218,T3
MX,Guadalajara,5764607941043554271,T3
MX,Guadalajara,5764607831781935277,T3
MX,Guadalajara,5764607949025315643,T3
MX,Guadalajara,5764607803378109061,T2
MX,Guadalajara,5764607821879184207,T1
MX,Guadalajara,5764608064846824427,T3
MX,Guadalajara,5764607814883084009,T3
MX,Guadalajara,5764607949696401671,T1
MX,Guadalajara,5764607858029889058,T1
MX,Guadalajara,5764607947033019550,T1
MX,Guadalajara,5764607841504332271,T1
MX,Guadalajara,5764607870935763299,T1
MX,Guadalajara,5764607988749567897,T3
MX,Guadalajara,5764607847485407848,T1
MX,Guadalajara,5764607902397237629,T1
MX,Guadalajara,5764607917609975946,T3
MX,Guadalajara,5764607961746636876,T2
MX,Guadalajara,5764607871543935913,T1
MX,Guadalajara,5764607832528521906,T1
MX,Guadalajara,5764607906767702993,T1
MX,Guadalajara,5764607547848526698,T1
MX,Guadalajara,5764607830494284689,T1
MX,Guadalajara,5764607914829153955,T3
MX,Guadalajara,5764607992323115776,T3
MX,Guadalajara,5764607898836273723,T3
MX,Guadalajara,5764608022329166308,T1
MX,Guadalajara,5764607939416164673,T3
MX,Guadalajara,5764607920550185495,T1
MX,Guadalajara,5764607947498587939,T2
MX,Guadalajara,5764607976124713116,T3
MX,Guadalajara,5764608048455485190,T1
MX,Guadalajara,5764607989856865176,T1
MX,Guadalajara,5764607854741554926,T3
MX,Guadalajara,5764607787586552145,T3
MX,Guadalajara,5764607840883574898,T3
MX,Guadalajara,5764607920206251186,T3
MX,Guadalajara,5764607910152506164,T1
MX,Guadalajara,5764607818276274189,T1
MX,Guadalajara,5764607713179602846,T1
MX,Guadalajara,5764607727826112474,T1
MX,Guadalajara,5764607924505413938,T3
MX,Guadalajara,5764608010287319484,T1
MX,Guadalajara,5764607932759802485,T3
MX,Guadalajara,5764608071557712415,T3
MX,Guadalajara,5764608049533422520,T3
MX,Guadalajara,5764608067468265959,T3
MX,Guadalajara,5764607970315601573,T3
MX,Guadalajara,5764607763972623268,T1
MX,Guadalajara,5764608067652815339,T3
MX,Guadalajara,5764607823003257202,T1
MX,Guadalajara,5764607818360162971,T1
MX,Guadalajara,5764607946705864349,T3
MX,Guadalajara,5764607981183044480,T2
MX,Guadalajara,5764607924664797790,T3
MX,Guadalajara,5764607965152414191,T3
MX,Guadalajara,5764607809875085325,T1
MX,Guadalajara,5764608031137203854,T3
MX,Guadalajara,5764608050431003159,T1
MX,Guadalajara,5764607559835848178,T3
MX,Guadalajara,5764607955719424013,T3
MX,Guadalajara,5764607935389633125,T1
MX,Guadalajara,5764608057070586050,T3
MX,Guadalajara,5764607877164304207,T1
MX,Guadalajara,5764607934819206549,T3
MX,Guadalajara,5764607851683907984,T3
MX,Guadalajara,5764608049453729810,T1
MX,Guadalajara,5764607901998778190,T1
MX,Guadalajara,5764607904800571517,T1
MX,Guadalajara,5764607942629001938,T3
MX,Guadalajara,5764607799938779186,T3
MX,Guadalajara,5764607922005606951,T3
MX,Guadalajara,5764607557851942405,T2
MX,Guadalajara,5764607916422990755,T1
MX,Guadalajara,5764607948819793787,T3
MX,Guadalajara,5764607988724401383,T3
MX,Guadalajara,5764608045557222197,T3
MX,Guadalajara,5764607877017503699,T3
MX,Guadalajara,5764608058119162050,T1
MX,Guadalajara,5764607832058759717,T1
MX,Guadalajara,5764607897586371567,T1
MX,Guadalajara,5764607987851987218,T3
MX,Guadalajara,5764607892834224300,T1
MX,Guadalajara,5764607752136296543,T3
MX,Guadalajara,5764607872676399795,T3
MX,Guadalajara,5764607859397232605,T1
MX,Guadalajara,5764607855278426466,T3
MX,Guadalajara,5764608042394714654,T1
MX,Guadalajara,5764607799229942266,T1
MX,Guadalajara,5764608021737769612,T3
MX,Guadalajara,5764607914489416277,T1
MX,Guadalajara,5764607937532921704,T2
MX,Guadalajara,5764607983083063442,T3
MX,Guadalajara,5764607834319486986,T3
MX,Guadalajara,5764607923632999025,T3
MX,Guadalajara,5764607716849618861,T1
MX,Guadalajara,5764607911565984389,T3
MX,Guadalajara,5764607775578263032,T3
MX,Guadalajara,5764607999705090670,T3
MX,Guadalajara,5764607976305068605,T3
MX,Guadalajara,5764607807610161702,T1
MX,Guadalajara,5764607892918110049,T3
MX,Guadalajara,5764607836576025011,T3
MX,Guadalajara,5764607881593489584,T2
MX,Guadalajara,5764607885624215946,T1
MX,Guadalajara,5764608041794931099,T1
MX,Guadalajara,5764608037298636847,T3
MX,Guadalajara,5764607844578757114,T3
MX,Guadalajara,5764607560083311101,T1
MX,Guadalajara,5764607857484630050,T3
MX,Guadalajara,5764607656703298773,T3
MX,Guadalajara,5764607874442201262,T1
MX,Guadalajara,5764608052884670648,T1
MX,Guadalajara,5764607807769545151,T1
MX,Guadalajara,5764607629180274855,T3
MX,Guadalajara,5764607921472932313,T1
MX,Guadalajara,5764607817261254679,T3
MX,Guadalajara,5764607834013304868,T3
MX,Guadalajara,5764608066365164362,T3
MX,Guadalajara,5764608001621886981,T2
MX,Guadalajara,5764608002448164856,T1
MX,Guadalajara,5764608010954213864,T1
MX,Guadalajara,5764608050644912130,T1
MX,Guadalajara,5764607923880462938,T1
MX,Guadalajara,5764608017199532353,T1
MX,Guadalajara,5764608072748893347,T1
MX,Guadalajara,5764607922446010306,T1
MX,Guadalajara,5764607578009766116,T1
MX,Guadalajara,5764607963118175975,T3
MX,Guadalajara,5764607887960443462,T1
MX,Guadalajara,5764607851449026881,T1
MX,Guadalajara,5764607803491355328,T1
MX,Guadalajara,5764608066545518707,T3
MX,Guadalajara,5764607855857240805,T1
MX,Guadalajara,5764607857996336103,T1
MX,Guadalajara,5764607809816365756,T1
MX,Guadalajara,5764607776735890385,T3
MX,Guadalajara,5764607832041982435,T1
MX,Guadalajara,5764607900274919306,T3
MX,Guadalajara,5764607983468938145,T2
MX,Guadalajara,5764607839524620048,T1
MX,Guadalajara,5764608072539178448,T1
MX,Guadalajara,5764607948144511130,T3
MX,Guadalajara,5764608009121303154,T1
MX,Guadalajara,5764607892381239555,T3
MX,Guadalajara,5764608056185587801,T2
MX,Guadalajara,5764608063768888692,T1
MX,Guadalajara,5764608024942216366,T3
MX,Guadalajara,5764607582216653520,T1
MX,Guadalajara,5764607923645581894,T2
MX,Guadalajara,5764607940510876577,T1
MX,Guadalajara,5764607822759988149,T1
MX,Guadalajara,5764608015379204072,T1
MX,Guadalajara,5764607813406689694,T1
MX,Guadalajara,5764608072769864879,T1
MX,Guadalajara,5764607936681477145,T3
MX,Guadalajara,5764607658322297235,T1
MX,Guadalajara,5764607999289854275,T1
MX,Guadalajara,5764607656913014005,T1
MX,Guadalajara,5764607717474569131,T1
MX,Guadalajara,5764607930603931837,T3
MX,Guadalajara,5764607577032494400,T1
MX,Guadalajara,5764607876493216349,T3
MX,Guadalajara,5764607909024238499,T2
MX,Guadalajara,5764607831832267328,T1
MX,Guadalajara,5764607919778433179,T3
MX,Guadalajara,5764607858172494765,T3
MX,Guadalajara,5764607685912431537,T3
MX,Guadalajara,5764607701691402694,T1
MX,Guadalajara,5764607547575897115,T1
MX,Guadalajara,5764608013789563410,T1
MX,Guadalajara,5764607811871574516,T3
MX,Guadalajara,5764607953379002970,T1
MX,Guadalajara,5764607554056096640,T1
MX,Guadalajara,5764607918255901192,T1
MX,Guadalajara,5764607825633085484,T3
MX,Guadalajara,5764607952309454241,T3
MX,Guadalajara,5764607972379199398,T1
MX,Guadalajara,5764608002813069926,T3
MX,Oaxaca,5764607828883670762,T3
MX,Oaxaca,5764608060484749734,T1
MX,Oaxaca,5764607810172881331,T3
MX,Oaxaca,5764607914346807829,T3
MX,Oaxaca,5764608057116721926,T3
MX,Oaxaca,5764607930507462729,T3
MX,Oaxaca,5764607965504734885,T3
MX,Oaxaca,5764607858684200673,T3
MX,Oaxaca,5764608058710559350,T3
MX,Oaxaca,5764608027865647725,T1
MX,Oaxaca,5764608061084535114,T1
MX,Oaxaca,5764607914279700905,T2
MX,Oaxaca,5764608001089210880,T1
MX,Oaxaca,5764607896340662644,T3
MX,Oaxaca,5764607986342037341,T1
MX,Oaxaca,5764607843081389103,T1
MX,Oaxaca,5764607870885431819,T3
MX,Oaxaca,5764607653465296213,T3
MX,Oaxaca,5764608010186655798,T3
MX,Oaxaca,5764607888644114989,T1
MX,Oaxaca,5764608025785273053,T1
MX,Oaxaca,5764607762961793261,T1
MX,Oaxaca,5764607998652320214,T2
MX,Oaxaca,5764607842989114770,T3
MX,Oaxaca,5764607816674050977,T3
MX,Oaxaca,5764607974170165459,T1
MX,Oaxaca,5764607946554870420,T3
MX,Oaxaca,5764607801792661235,T1
MX,Oaxaca,5764607974220499397,T2
MX,Oaxaca,5764607829261159343,T3
MX,Oaxaca,5764607861326613002,T1
MX,Oaxaca,5764607964389050173,T3
MX,Oaxaca,5764607874492532810,T3
MX,Oaxaca,5764607577158322307,T1
MX,Oaxaca,5764607900530772485,T3
MX,Oaxaca,5764607661681936466,T1
MX,Monterrey,5764607926451571529,T3
MX,Monterrey,5764607938204010849,T3
MX,Monterrey,5764607878196103296,T3
MX,Monterrey,5764608028255717247,T2
MX,Monterrey,5764607811867380040,T3
MX,Monterrey,5764607870604413760,T3
MX,Monterrey,5764607938254342650,T3
MX,Monterrey,5764607817445804652,T3
MX,Monterrey,5764607979564042800,T1
MX,Monterrey,5764608032760400350,T1
MX,Monterrey,5764607942016633488,T2
MX,Monterrey,5764607818142057392,T3
MX,Monterrey,5764608002418804443,T3
MX,Monterrey,5764607859967657750,T3
MX,Monterrey,5764607998409050857,T2
MX,Monterrey,5764608013198166592,T1
MX,Monterrey,5764607536255467858,T1
MX,Monterrey,5764607833786812544,T1
MX,Monterrey,5764608039676807668,T1
MX,Monterrey,5764607825347872604,T3
MX,Monterrey,5764607879072713259,T3
MX,Monterrey,5764607670640971142,T2
MX,Monterrey,5764607921942693993,T1
MX,Monterrey,5764607936798918512,T2
MX,Monterrey,5764607874538671043,T2
MX,Monterrey,5764607619990556022,T3
MX,Monterrey,5764608036782737933,T3
MX,Monterrey,5764608050489723607,T1
MX,Monterrey,5764607969149585949,T2
MX,Monterrey,5764607783123812672,T1
MX,Monterrey,5764607848315879595,T1
MX,Monterrey,5764607912702642282,T2
MX,Monterrey,5764607799540320741,T3
MX,Monterrey,5764608038716310565,T2
MX,Monterrey,5764608038250744179,T3
MX,Monterrey,5764608056957340178,T2
MX,Monterrey,5764607846357141859,T3
MX,Monterrey,5764607562327261523,T1
MX,Monterrey,5764608033293076204,T3
MX,Monterrey,5764607984286829285,T3
MX,Monterrey,5764607827017206472,T1
MX,Monterrey,5764607698763779012,T1
MX,Monterrey,5764608015458896698,T3
MX,Monterrey,5764607925289748785,T2
MX,Monterrey,5764607833509988535,T3
MX,Monterrey,5764607845874796516,T1
MX,Monterrey,5764608039089604798,T3
MX,Monterrey,5764607865525110685,T3
MX,Monterrey,5764607855169374363,T1
MX,Monterrey,5764607802690242880,T1
MX,Monterrey,5764607949998393652,T1
MX,Monterrey,5764607884156208870,T3
MX,Monterrey,5764608028599650337,T3
MX,Monterrey,5764607720616102654,T3
MX,Monterrey,5764607908386703473,T1
MX,Monterrey,5764608040092042472,T2
MX,Monterrey,5764607890967759414,T1
MX,Monterrey,5764607915626071341,T3
MX,Monterrey,5764607815231209685,T3
MX,Monterrey,5764608019321849893,T3
MX,Monterrey,5764607828359383359,T3
MX,Monterrey,5764607737607228179,T3
MX,Monterrey,5764607900488829835,T1
MX,Monterrey,5764608068927882495,T3
MX,Monterrey,5764608009263909257,T1
MX,Monterrey,5764608026749963107,T3
MX,Monterrey,5764607853395183788,T1
MX,Monterrey,5764608050691048343,T3
MX,Monterrey,5764607979031365348,T3
MX,Monterrey,5764608003085699444,T3
MX,Monterrey,5764607885846514338,T1
MX,Monterrey,5764607944004733355,T3
MX,Monterrey,5764608028037614160,T3
MX,Monterrey,5764607831278619218,T3
MX,Monterrey,5764608001806436326,T3
MX,Monterrey,5764608028809366012,T3
MX,Monterrey,5764608046324778040,T1
MX,Monterrey,5764608063949244420,T3
MX,Monterrey,5764608028138277682,T3
MX,Monterrey,5764607935435769903,T1
MX,Monterrey,5764607852686346210,T1
MX,Monterrey,5764607979622762510,T1
MX,Monterrey,5764607826799102054,T1
MX,Monterrey,5764607814576900642,T3
MX,Monterrey,5764607986987960405,T3
MX,Monterrey,5764607959393634271,T3
MX,Monterrey,5764607816325924731,T3
MX,Monterrey,5764607536834285080,T3
MX,Monterrey,5764608045871794010,T2
MX,Monterrey,5764607902657284037,T3
MX,Monterrey,5764607742237737103,T3
MX,Monterrey,5764608017107257435,T2
MX,Monterrey,5764607971540339166,T1
MX,Monterrey,5764607941718837249,T3
MX,Monterrey,5764607844947855399,T3
MX,Monterrey,5764607873355876541,T3
MX,Monterrey,5764607575354772963,T1
MX,Monterrey,5764608007527467730,T2
MX,Monterrey,5764607584309612304,T2
MX,Monterrey,5764607805508815198,T3
MX,Monterrey,5764608020840188277,T3
MX,Monterrey,5764607874182154577,T1
MX,Monterrey,5764608011700799990,T3
MX,Monterrey,5764607942775802701,T1
MX,Monterrey,5764607926246047963,T3
MX,Monterrey,5764607856901622185,T1
MX,Monterrey,5764607900388166534,T1
MX,Monterrey,5764607828711704919,T3
MX,Monterrey,5764607976846133576,T3
MX,Monterrey,5764607886958004737,T3
MX,Monterrey,5764607656774598730,T3
MX,Monterrey,5764607897154357371,T3
MX,Monterrey,5764607878238046803,T2
MX,Monterrey,5764607903378704461,T3
MX,Monterrey,5764608025055463911,T1
MX,Monterrey,5764607908000828025,T3
MX,Monterrey,5764607966620419834,T2
MX,Monterrey,5764608031120427888,T1
MX,Monterrey,5764607825201072489,T2
MX,Monterrey,5764607531121639504,T3
MX,Monterrey,5764607901956835820,T3
MX,Monterrey,5764607823733064790,T3
MX,Monterrey,5764607846612994410,T3
MX,Monterrey,5764607877990582980,T3
MX,Monterrey,5764607874890992439,T2
MX,Monterrey,5764607951495759731,T3
MX,Monterrey,5764608071838730873,T3
MX,Monterrey,5764608024761862578,T1
MX,Monterrey,5764607791332067404,T3
MX,Monterrey,5764607744376834864,T3
MX,Monterrey,5764607833354799640,T3
MX,Monterrey,5764608009259715029,T1
MX,Monterrey,5764607886970587004,T3
MX,Ensenada,5764607818611819310,T3
MX,Ensenada,5764607873532037552,T2
MX,Ensenada,5764607843844753870,T1
MX,Ensenada,5764608049210460713,T3
MX,Ensenada,5764608050129013562,T2
MX,Ensenada,5764607937365149699,T3
MX,Ensenada,5764607815810025212,T3
MX,Ensenada,5764607858373822623,T3
MX,Ensenada,5764607947792189916,T1
MX,Ensenada,5764607892116996109,T3
MX,Ensenada,5764608035067266463,T2
MX,Ensenada,5764607918507559332,T2
MX,Ensenada,5764608041102870862,T3
MX,Ensenada,5764608003547073017,T3
MX,Ensenada,5764608057825560618,T1
MX,Ensenada,5764607535982839922,T1
MX,Ensenada,5764607891823396775,T3
MX,Ensenada,5764607983569602616,T1
MX,Chihuahua,5764607977563358335,T2
MX,Chihuahua,5764607827457608401,T3
MX,Chihuahua,5764607809233357387,T2
MX,Chihuahua,5764607837276473385,T3
MX,Chihuahua,5764607533940215622,T3
MX,Chihuahua,5764608026879986280,T2
MX,Chihuahua,5764607558690803016,T1
MX,Chihuahua,5764608047557904249,T3
MX,Chihuahua,5764607802853820478,T2
MX,Chihuahua,5764607804648983169,T3
MX,Chihuahua,5764607891345247055,T2
MX,Chihuahua,5764607987524831987,T3
MX,Chihuahua,5764607627800349384,T3
MX,Chihuahua,5764607913705078935,T2
MX,Chihuahua,5764608037529324121,T3
MX,Chihuahua,5764607979853449149,T1
MX,Chihuahua,5764607932571060835,T1
MX,Chihuahua,5764607836089483764,T3
MX,Chihuahua,5764608046924564314,T2
MX,Chihuahua,5764607906667039333,T3
MX,Chihuahua,5764607845916740359,T3
MX,Chihuahua,5764607852870895966,T3
MX,Chihuahua,5764607685002267547,T1
MX,Chihuahua,5764608057586486034,T3
MX,Chihuahua,5764607903756189845,T3
MX,Chihuahua,5764608016629106801,T2
MX,Chihuahua,5764607960169581182,T1
MX,Chihuahua,5764607922076912233,T2
MX,Chihuahua,5764607856884842638,T3
MX,Chihuahua,5764607865692883557,T2
MX,Chihuahua,5764608012954896876,T1
MX,Chihuahua,5764607953672601763,T3
MX,Chihuahua,5764607845430200951,T1
MX,Chihuahua,5764607880565885488,T3
MX,Chihuahua,5764608054927296554,T3
MX,Chihuahua,5764607870143039677,T3
MX,Chihuahua,5764607843811199511,T2
MX,Chihuahua,5764607997175924911,T2
MX,Chihuahua,5764608010937435154,T3
MX,Chihuahua,5764607969061505850,T3
MX,Chihuahua,5764607855869823756,T3
MX,Chihuahua,5764608008911587944,T1
MX,Chihuahua,5764607959183919841,T2
MX,Chihuahua,5764608013193971726,T3
MX,Chihuahua,5764607922529895828,T3
MX,Chihuahua,5764607947955767820,T2
MX,Tuxtla Gutierrez,5764608047239137343,T3
MX,Tuxtla Gutierrez,5764607798701460065,T3
MX,Tuxtla Gutierrez,5764607571919637850,T1
MX,Tuxtla Gutierrez,5764608004381739022,T3
MX,Tuxtla Gutierrez,5764607965441821186,T1
MX,Tuxtla Gutierrez,5764608064624527313,T3
MX,Tuxtla Gutierrez,5764607930452937374,T1
MX,Tuxtla Gutierrez,5764607942624807563,T1
MX,Tuxtla Gutierrez,5764607700647022520,T3
MX,Tuxtla Gutierrez,5764607990192409097,T1
MX,Tuxtla Gutierrez,5764607943031655083,T3
MX,Tuxtla Gutierrez,5764607915307304976,T1
MX,Tuxtla Gutierrez,5764607832855677291,T2
MX,Tuxtla Gutierrez,5764608002104232911,T3
MX,Tuxtla Gutierrez,5764607669634338125,T3
MX,Tuxtla Gutierrez,5764607995187824577,T3
MX,Tuxtla Gutierrez,5764607526872811617,T3
MX,Tuxtla Gutierrez,5764607865583831451,T1
MX,Saltillo,5764607951051163427,T1
MX,Saltillo,5764607962396756449,T3
MX,Saltillo,5764608068428759147,T1
MX,Saltillo,5764607920755706687,T2
MX,Saltillo,5764608009045805813,T3
MX,Saltillo,5764608011172317112,T1
MX,Saltillo,5764607691851566020,T1
MX,Saltillo,5764607972375003199,T2
MX,Saltillo,5764607864493312654,T1
MX,Saltillo,5764607810080606159,T1
MX,Saltillo,5764608062393158109,T3
MX,Saltillo,5764607886458882577,T2
MX,Saltillo,5764607984899196808,T2
MX,Saltillo,5764607955354520375,T1
MX,Saltillo,5764608056147839002,T1
CO,Bogota D.C.,5764607558971820083,T2
CO,Bogota D.C.,5764607939684600797,T3
CO,Bogota D.C.,5764608040893155977,T2
CO,Bogota D.C.,5764608045074877274,T3
CO,Bogota D.C.,5764607843874113785,T3
CO,Bogota D.C.,5764608069389257364,T1
CO,Bogota D.C.,5764607926325741625,T2
CO,Bogota D.C.,5764607941559453741,T1
CO,Bogota D.C.,5764608067736699961,T3
CO,Bogota D.C.,5764607841344947594,T2
CO,Bogota D.C.,5764608016520054881,T1
CO,Bogota D.C.,5764607557252156643,T3
CO,Bogota D.C.,5764607864807885206,T3
CO,Bogota D.C.,5764607821233261120,T3
CO,Bogota D.C.,5764607599115502587,T3
CO,Bogota D.C.,5764608023360964854,T3
CO,Bogota D.C.,5764607999579261836,T2
CO,Bogota D.C.,5764607766195602420,T2
CO,Bogota D.C.,5764607872798034509,T2
CO,Bogota D.C.,5764607796621086649,T3
CO,Bogota D.C.,5764607608296836890,T2
CO,Bogota D.C.,5764608021607746078,T3
CO,Bogota D.C.,5764607975294241029,T3
CO,Bogota D.C.,5764608027416856818,T2
CO,Bogota D.C.,5764608041648130964,T3
CO,Bogota D.C.,5764607942624805930,T2
CO,Bogota D.C.,5764607890565106268,T1
CO,Bogota D.C.,5764607988074284854,T3
CO,Bogota D.C.,5764608017837067166,T3
CO,Bogota D.C.,5764608034425539090,T2
CO,Bogota D.C.,5764608020995377251,T1
CO,Bogota D.C.,5764607797581580120,T2
CO,Bogota D.C.,5764607852866702112,T1
CO,Bogota D.C.,5764607992822237836,T2
CO,Bogota D.C.,5764607961457229908,T3
CO,Bogota D.C.,5764608052456852073,T3
CO,Bogota D.C.,5764607826702631974,T3
CO,Bogota D.C.,5764608068479093387,T2
CO,Bogota D.C.,5764608057620040514,T3
CO,Bogota D.C.,5764607937897826405,T1
CO,Bogota D.C.,5764607777553777661,T2
CO,Bogota D.C.,5764607879534085935,T3
CO,Bogota D.C.,5764607893945713740,T1
CO,Bogota D.C.,5764607604551323573,T3
CO,Bogota D.C.,5764607713297042932,T2
CO,Bogota D.C.,5764607949176309653,T3
CO,Bogota D.C.,5764607926782918917,T1
CO,Bogota D.C.,5764607622377114877,T2
CO,Bogota D.C.,5764607977320090416,T2
CO,Bogota D.C.,5764608023096723702,T2
CO,Bogota D.C.,5764607993178753638,T1
CO,Bogota D.C.,5764607947385342030,T2
CO,Bogota D.C.,5764607928188013041,T2
CO,Bogota D.C.,5764607783144784950,T2
CO,Bogota D.C.,5764607845409228671,T3
CO,Bogota D.C.,5764607931161774680,T3
CO,Bogota D.C.,5764608025286150578,T3
CO,Bogota D.C.,5764607930666845941,T1
CO,Bogota D.C.,5764607890799985705,T1
CO,Bogota D.C.,5764608045154568338,T1
CO,Bogota D.C.,5764608064347703898,T3
CO,Bogota D.C.,5764608054302346136,T2
CO,Bogota D.C.,5764607945292384665,T1
CO,Bogota D.C.,5764608013688898949,T2
CO,Bogota D.C.,5764607998643931337,T2
CO,Bogota D.C.,5764608012745181831,T1
CO,Bogota D.C.,5764607694334593411,T3
CO,Bogota D.C.,5764608024778640291,T2
CO,Bogota D.C.,5764608001387006099,T3
CO,Bogota D.C.,5764607950904363533,T3
CO,Bogota D.C.,5764608026691241714,T1
CO,Bogota D.C.,5764607851553884304,T3
CO,Bogota D.C.,5764607816594361131,T3
CO,Bogota D.C.,5764607992704796557,T2
CO,Bogota D.C.,5764607704254121926,T3
CO,Bogota D.C.,5764607952200403094,T1
CO,Bogota D.C.,5764607996047656757,T2
CO,Bogota D.C.,5764607778614939565,T2
CO,Bogota D.C.,5764607887876557668,T2
CO,Bogota D.C.,5764608035855796830,T2
CO,Bogota D.C.,5764607854187907611,T1
CO,Bogota D.C.,5764607848399768384,T2
CO,Bogota D.C.,5764608020265569194,T1
CO,Bogota D.C.,5764608047486601718,T2
CO,Bogota D.C.,5764608062602872627,T3
CO,Bogota D.C.,5764607826887182321,T2
CO,Bogota D.C.,5764607857291692051,T3
CO,Bogota D.C.,5764607918562083802,T3
CO,Bogota D.C.,5764607860236093962,T3
CO,Bogota D.C.,5764607904276286150,T1
CO,Bogota D.C.,5764607846369724722,T3
CO,Bogota D.C.,5764607897477318443,T3
CO,Bogota D.C.,5764607820453118951,T1
CO,Bogota D.C.,5764608034488453432,T3
CO,Bogota D.C.,5764607856561883670,T3
CO,Bogota D.C.,5764607635815664601,T2
CO,Bogota D.C.,5764607985415095451,T1
CO,Bogota D.C.,5764608055984261935,T3
CO,Bogota D.C.,5764607523701919698,T3
CO,Bogota D.C.,5764607816191707737,T2
CO,Bogota D.C.,5764608066524545173,T2
CO,Bogota D.C.,5764608010933242738,T2
CO,Bogota D.C.,5764607857946003268,T3
CO,Bogota D.C.,5764608053895498040,T1
CO,Bogota D.C.,5764607890112120482,T3
CO,Bogota D.C.,5764607876602268153,T3
MX,Cancun,5764608045775325247,T1
MX,Cancun,5764607854590560207,T3
MX,Cancun,5764607818502767683,T3
MX,Cancun,5764608011516250475,T1
MX,Cancun,5764607999713478677,T1
MX,Cancun,5764607860261259320,T2
MX,Cancun,5764607883128604740,T1
MX,Cancun,5764607964594571285,T1
MX,Cancun,5764607811439561617,T1
MX,Cancun,5764607889080322108,T1
MX,Cancun,5764607991022880908,T3
MX,Cancun,5764608009914026177,T3
MX,Cancun,5764607880167424953,T3
MX,Cancun,5764607817148009214,T1
MX,Cancun,5764607703968910647,T3
MX,Cancun,5764607831391864869,T2
MX,Cancun,5764607920302721033,T1
MX,Cancun,5764607812706241044,T1
MX,Cancun,5764607927340763320,T1
MX,Cancun,5764607565175197161,T3
MX,Cancun,5764607576864721887,T1
MX,Cancun,5764607930587154492,T3
MX,Cancun,5764607952657582140,T2
MX,Cancun,5764607887092222532,T3
MX,Cancun,5764607909087152659,T1
MX,Cancun,5764607977072625736,T1
MX,Cancun,5764607848680786096,T1
MX,Cancun,5764607964426799176,T1
MX,Cancun,5764607950816282625,T2
MX,Cancun,5764607529003519003,T3
MX,Cancun,5764607852862506923,T3
MX,Cancun,5764607827566659942,T1
MX,Cancun,5764608020294928954,T1
MX,Mazatlan,5764607810743307002,T3
MX,Mazatlan,5764607877931860061,T3
MX,Mazatlan,5764607903986879278,T3
MX,Mazatlan,5764607635891162710,T1
MX,Mazatlan,5764607860542278241,T3
MX,Mazatlan,5764607817257060489,T3
MX,Mazatlan,5764607961612421612,T3
MX,Mazatlan,5764608004335601795,T3
MX,Mazatlan,5764607821291981242,T3
MX,Mazatlan,5764607996114765774,T3
MX,Mazatlan,5764607847082755231,T3
MX,Mazatlan,5764607857992140834,T2
MX,Mazatlan,5764607752249543449,T3
MX,Mazatlan,5764607869530671640,T3
MX,Mazatlan,5764607821237455211,T3
MX,Mazatlan,5764607720033094985,T3
MX,Mazatlan,5764607927412067192,T3
MX,Mazatlan,5764607967404755715,T1
MX,Mazatlan,5764608053232798264,T2
MX,Mazatlan,5764607820029495347,T3
MX,Jaurez CHIH,5764607861217561398,T3
MX,Jaurez CHIH,5764607718380539177,T2
MX,Jaurez CHIH,5764607871879481442,T1
MX,Jaurez CHIH,5764608014582286064,T3
MX,Jaurez CHIH,5764607949197281281,T2
MX,Jaurez CHIH,5764607970323991365,T3
MX,Jaurez CHIH,5764607994151832197,T1
MX,Jaurez CHIH,5764608032894618211,T3
MX,Jaurez CHIH,5764607951848081480,T3
MX,Jaurez CHIH,5764607909049403826,T3
MX,Jaurez CHIH,5764607944914897716,T3
MX,Jaurez CHIH,5764608048023472630,T2
MX,Jaurez CHIH,5764608030893934526,T3
MX,Jaurez CHIH,5764607803935951869,T1
MX,Jaurez CHIH,5764607973025122854,T1
MX,Jaurez CHIH,5764607930025118187,T2
MX,Jaurez CHIH,5764607854355680062,T1
MX,Jaurez CHIH,5764607836437612627,T3
MX,Jaurez CHIH,5764607832721459006,T1
MX,Jaurez CHIH,5764607933632219659,T3
MX,Jaurez CHIH,5764607919199619403,T3
MX,Jaurez CHIH,5764608070328781461,T3
MX,Jaurez CHIH,5764607774605181187,T1
MX,Jaurez CHIH,5764608030059268168,T2
MX,Jaurez CHIH,5764607941429431228,T3
MX,Jaurez CHIH,5764607768477306392,T2
MX,Jaurez CHIH,5764607651024210504,T3
MX,Jaurez CHIH,5764608042164029774,T3
MX,Jaurez CHIH,5764607980549704436,T1
MX,Jaurez CHIH,5764608002183924328,T3
MX,Jaurez CHIH,5764607830439758537,T2
MX,Jaurez CHIH,5764607900539161196,T1
MX,Jaurez CHIH,5764608021637106675,T1
MX,Jaurez CHIH,5764607964292581737,T3
MX,Jaurez CHIH,5764607579846871643,T1
MX,Jaurez CHIH,5764607938204011046,T3
MX,Jaurez CHIH,5764608066449049955,T2
MX,Jaurez CHIH,5764607864090657309,T3
MX,Jaurez CHIH,5764607852501797230,T1
MX,Jaurez CHIH,5764607699392924833,T2
MX,Jaurez CHIH,5764607682208860815,T3
MX,Jaurez CHIH,5764607872307300928,T1
MX,Jaurez CHIH,5764607953496443067,T3
MX,Jaurez CHIH,5764607832541104741,T1
MX,Jaurez CHIH,5764607806381230240,T1
MX,Jaurez CHIH,5764608043120330884,T1
MX,Jaurez CHIH,5764607903550670778,T3
MX,Jaurez CHIH,5764607907749169581,T2
MX,Jaurez CHIH,5764607814706923147,T2
MX,Jaurez CHIH,5764608037667735737,T1
MX,Jaurez CHIH,5764607832402692074,T1
MX,Jaurez CHIH,5764607904674744928,T3
MX,Jaurez CHIH,5764607868867971209,T3
MX,Puebla,5764608065522108385,T1
MX,Puebla,5764607803390689494,T1
MX,Puebla,5764607959326525559,T1
MX,Puebla,5764607957757855846,T1
MX,Puebla,5764607909468833938,T3
MX,Puebla,5764607761133078422,T1
MX,Puebla,5764607869203514543,T1
MX,Puebla,5764607821665273850,T3
MX,Puebla,5764608045859211191,T3
MX,Puebla,5764607824488040179,T1
MX,Puebla,5764607841084900479,T3
MX,Puebla,5764608067619260481,T3
MX,Puebla,5764607902535649930,T3
MX,Puebla,5764607943174260005,T3
MX,Puebla,5764607986832771481,T3
MX,Puebla,5764608066612627319,T1
MX,Puebla,5764607655830881136,T1
MX,Puebla,5764607837632988499,T3
MX,Puebla,5764607937000245319,T1
MX,Puebla,5764607843488237763,T1
MX,Puebla,5764607728010660094,T1
MX,Puebla,5764608044957436729,T3
MX,Puebla,5764607835435173692,T1
MX,Puebla,5764607619680175847,T1
MX,Puebla,5764607906360855234,T3
MX,Puebla,5764608067271133355,T3
MX,Puebla,5764607956067550956,T3
MX,Puebla,5764608069733189347,T3
MX,Puebla,5764608061227139211,T1
MX,Puebla,5764608070936954243,T3
MX,Puebla,5764607921728785061,T1
MX,Puebla,5764607749892342012,T1
MX,Puebla,5764607943568525698,T3
MX,Puebla,5764607874253457207,T3
MX,Puebla,5764607953823599172,T1
MX,Puebla,5764608031711823677,T3
MX,Puebla,5764607723774414601,T3
MX,Puebla,5764608017610574459,T3
MX,Puebla,5764607872860948602,T1
MX,Puebla,5764607802887374663,T3
MX,Puebla,5764607801222236097,T3
MX,Puebla,5764607885750044396,T3
MX,Puebla,5764608038967969760,T3
MX,Puebla,5764608010236988064,T1
MX,Puebla,5764607978192505459,T1
MX,Puebla,5764607825037494826,T3
MX,Puebla,5764607906880949233,T1
MX,Puebla,5764607872466682867,T1
MX,Puebla,5764608021238647605,T3
MX,Puebla,5764607845769939401,T3
MX,Puebla,5764607829575731776,T1
MX,Puebla,5764607987952648367,T3
MX,Puebla,5764607881899674135,T1
MX,Puebla,5764607948840765296,T1
MX,Puebla,5764608040574388062,T3
MX,Puebla,5764607943983761708,T1
MX,Puebla,5764607823087141908,T1
MX,Puebla,5764607808906201542,T3
MX,Puebla,5764607618346385657,T3
MX,Puebla,5764607891064227566,T3
MX,Puebla,5764607730011343301,T1
MX,Puebla,5764607922991270653,T1
MX,Puebla,5764608035570583406,T3
MX,Puebla,5764608021842627394,T3
MX,Puebla,5764607727826109418,T1
MX,Puebla,5764607963504052801,T3
MX,Puebla,5764607966033217717,T3
MX,Puebla,5764608059209679778,T1
MX,Puebla,5764608002930507909,T3
MX,Puebla,5764608009997912553,T3
MX,Puebla,5764607537010445626,T3
MX,Puebla,5764608002280393704,T1
MX,Puebla,5764608055720018992,T3
MX,Mexico City,5764607856427665897,T1
MX,Mexico City,5764607956302432280,T3
MX,Mexico City,5764607756548705399,T1
MX,Mexico City,5764608018558486311,T3
MX,Mexico City,5764607584108284394,T2
MX,Mexico City,5764607880876264178,T1
MX,Mexico City,5764607972886710739,T1
MX,Mexico City,5764607973390027601,T3
MX,Mexico City,5764607840061492041,T3
MX,Mexico City,5764607833262524742,T3
MX,Mexico City,5764607988212697202,T3
MX,Mexico City,5764607958886123445,T1
MX,Mexico City,5764607967216011627,T3
MX,Mexico City,5764607808713262989,T1
MX,Mexico City,5764607836945124296,T3
MX,Mexico City,5764607942893242105,T3
MX,Mexico City,5764607990423095643,T1
MX,Mexico City,5764607976615445638,T3
MX,Mexico City,5764608017879008925,T3
MX,Mexico City,5764607956868663074,T2
MX,Mexico City,5764607797967456735,T3
MX,Mexico City,5764608046727432614,T1
MX,Mexico City,5764607831861624978,T2
MX,Mexico City,5764607927219129096,T3
MX,Mexico City,5764608045230066516,T1
MX,Mexico City,5764607907061303003,T1
MX,Mexico City,5764607811905127473,T1
MX,Mexico City,5764607886635043302,T2
MX,Mexico City,5764607880490388373,T1
MX,Mexico City,5764608007418415312,T2
MX,Mexico City,5764607525669046712,T1
MX,Mexico City,5764607598175980663,T3
MX,Mexico City,5764608014380959439,T1
MX,Mexico City,5764607864581393000,T2
MX,Mexico City,5764607902988634466,T1
MX,Mexico City,5764607965630563577,T1
MX,Mexico City,5764607768074653473,T2
MX,Mexico City,5764607835263207444,T2
MX,Mexico City,5764607983003371794,T3
MX,Mexico City,5764607649250020557,T1
MX,Mexico City,5764607910408358718,T3
MX,Mexico City,5764607941924358161,T3
MX,Mexico City,5764607915978392761,T3
MX,Mexico City,5764607963428554939,T3
MX,Mexico City,5764607616295373474,T1
MX,Mexico City,5764607944885537341,T2
MX,Mexico City,5764607829324072759,T1
MX,Mexico City,5764607548414758371,T3
MX,Mexico City,5764607834642451427,T3
MX,Mexico City,5764607548578335546,T1
MX,Mexico City,5764607814920832674,T1
MX,Mexico City,5764608049185293340,T1
MX,Mexico City,5764607931509900505,T1
MX,Mexico City,5764607666333419465,T1
MX,Mexico City,5764608036191341073,T3
MX,Mexico City,5764607987134760099,T1
MX,Mexico City,5764607835972044166,T3
MX,Mexico City,5764607829311488185,T3
MX,Mexico City,5764607592811465846,T2
MX,Mexico City,5764607834134938015,T3
MX,Mexico City,5764607548297316592,T3
MX,Mexico City,5764607925684013554,T1
MX,Mexico City,5764607886651821007,T1
MX,Mexico City,5764608000539757322,T3
MX,Mexico City,5764607967085988397,T3
MX,Mexico City,5764607634142138121,T1
MX,Mexico City,5764607980713281467,T3
MX,Mexico City,5764607814597871481,T2
MX,Mexico City,5764607883208296611,T3
MX,Mexico City,5764608013525322331,T1
MX,Mexico City,5764607909598857827,T1
MX,Mexico City,5764608071289276458,T1
MX,Mexico City,5764607811858991123,T3
MX,Mexico City,5764607939449718940,T1
MX,Mexico City,5764607972379200050,T1
MX,Mexico City,5764607975281658428,T1
MX,Mexico City,5764607925239416860,T3
MX,Mexico City,5764608064137988883,T3
MX,Mexico City,5764607800089774651,T3
MX,Mexico City,5764607836785740653,T3
MX,Mexico City,5764608046945535957,T1
MX,Mexico City,5764607801855576661,T3
MX,Mexico City,5764608002515273882,T1
MX,Mexico City,5764607634163108791,T1
MX,Mexico City,5764607954792483557,T1
MX,Mexico City,5764607920332081577,T2
MX,Mexico City,5764607979450796665,T3
MX,Mexico City,5764607803608795620,T3
MX,Mexico City,5764607945619539613,T3
MX,Mexico City,5764607822470580854,T3
MX,Mexico City,5764607802602162618,T1
MX,Mexico City,5764608041270643037,T1
MX,Mexico City,5764608015836383699,T2
MX,Mexico City,5764607846638157969,T1
MX,Mexico City,5764607964477131354,T1
MX,Mexico City,5764607878040913556,T2
MX,Mexico City,5764607810311291029,T3
MX,Mexico City,5764607865088903775,T3
MX,Mexico City,5764608032395495776,T1
MX,Mexico City,5764607567838576785,T1
MX,Mexico City,5764607956960936850,T2
MX,Mexico City,5764607849066662733,T3
MX,Mexico City,5764607944327693226,T1
MX,Mexico City,5764607834621478031,T3
MX,Mexico City,5764608036891790076,T3
MX,Mexico City,5764607960358324720,T2
MX,Mexico City,5764607605893499944,T3
MX,Mexico City,5764607925277166006,T3
MX,Mexico City,5764608022442412078,T3
MX,Mexico City,5764607687825033774,T3
MX,Mexico City,5764608047566292377,T2
MX,Mexico City,5764608021091846864,T2
MX,Mexico City,5764607967937431939,T3
MX,Mexico City,5764608009440070349,T2
MX,Mexico City,5764607820046272387,T3
MX,Mexico City,5764607864459757993,T3
MX,Mexico City,5764607929073010391,T2
MX,Mexico City,5764607921246440266,T3
MX,Mexico City,5764608061327804746,T1
MX,Mexico City,5764607876946200584,T1
MX,Mexico City,5764608046031178253,T2
MX,Mexico City,5764608012237671150,T3
MX,Mexico City,5764607530907733928,T3
MX,Mexico City,5764608033339214330,T3
MX,Mexico City,5764607959238445535,T1
MX,Mexico City,5764607938396949192,T1
MX,Mexico City,5764608025256790808,T1
MX,Mexico City,5764607983338915543,T3
MX,Mexico City,5764608046375111466,T3
MX,Mexico City,5764607832780179887,T1
MX,Mexico City,5764607937864272873,T1
MX,Mexico City,5764607944260585205,T3
MX,Mexico City,5764608003173780341,T3
MX,Mexico City,5764607555117255159,T1
MX,Mexico City,5764608017715431746,T1
MX,Mexico City,5764607886777650007,T3
MX,Mexico City,5764607975059359510,T2
MX,Mexico City,5764607972404365306,T3
MX,Mexico City,5764607928368368230,T2
MX,Mexico City,5764607850723412286,T3
MX,Mexico City,5764607849641281587,T3
MX,Mexico City,5764607914908846083,T1
MX,Mexico City,5764607972106568896,T1
MX,Mexico City,5764608052855310652,T2
MX,Mexico City,5764608063877941407,T2
MX,Mexico City,5764608013705677358,T3
MX,Mexico City,5764607958823209632,T1
MX,Mexico City,5764607892343491170,T1
MX,Mexico City,5764607819215799220,T1
MX,Mexico City,5764607989127055716,T1
MX,Mexico City,5764607993682069995,T2
MX,Mexico City,5764607842338998746,T3
MX,Mexico City,5764607963126565686,T3
MX,Mexico City,5764607811674441744,T2
MX,Mexico City,5764607805424929174,T3
MX,Mexico City,5764608040347896417,T1
MX,Mexico City,5764607994294437895,T3
MX,Mexico City,5764607813524130251,T3
MX,Mexico City,5764607923909822117,T1
MX,Mexico City,5764607985318627133,T1
MX,Mexico City,5764608061067757535,T1
MX,Mexico City,5764607822596409404,T3
MX,Mexico City,5764607871292277251,T3
MX,Mexico City,5764607877864752765,T1
MX,Mexico City,5764607857656597311,T1
MX,Mexico City,5764608018571069984,T2
MX,Mexico City,5764608024422124089,T3
MX,Mexico City,5764607559810682185,T3
MX,Mexico City,5764607919417722629,T3
MX,Mexico City,5764608008399882184,T2
MX,Mexico City,5764608066532935422,T3
MX,Mexico City,5764607812798515657,T2
MX,Mexico City,5764607828434881286,T3
MX,Mexico City,5764607943555943016,T1
MX,Mexico City,5764608057032837156,T3
MX,Mexico City,5764608031577605032,T3
MX,Mexico City,5764607880960149812,T3
MX,Mexico City,5764607825293347419,T2
MX,Mexico City,5764607956243712263,T3
MX,Mexico City,5764607867265747801,T3
MX,Mexico City,5764607905400357010,T1
MX,Mexico City,5764608032496159041,T3
MX,Mexico City,5764608019162466752,T3
MX,Mexico City,5764607984198748271,T3
MX,Mexico City,5764607823548516672,T1
MX,Mexico City,5764608065991870812,T3
MX,Mexico City,5764608016633300976,T3
MX,Mexico City,5764607950229080132,T2
MX,Mexico City,5764607762936630574,T1
MX,Mexico City,5764608007158368646,T1
MX,Mexico City,5764608058375015029,T3
MX,Mexico City,5764607817751988190,T2
MX,Mexico City,5764607898584615842,T2
MX,Mexico City,5764607738475446339,T1
MX,Mexico City,5764607951516731363,T3
MX,Mexico City,5764608035683830325,T3
MX,Mexico City,5764607860743604766,T1
MX,Mexico City,5764608002695628762,T3
MX,Mexico City,5764607983204698137,T3
MX,Mexico City,5764607585941195931,T1
MX,Mexico City,5764608070509136463,T3
MX,Mexico City,5764607978964256924,T2
MX,Mexico City,5764607810541979369,T1
MX,Mexico City,5764608037319608744,T1
MX,Mexico City,5764607849037302246,T2
MX,Mexico City,5764607822638353197,T3
MX,Mexico City,5764607529213234774,T1
MX,Mexico City,5764607893782137292,T1
MX,Mexico City,5764608008601208876,T1
MX,Mexico City,5764608053316683757,T1
MX,Mexico City,5764608065819904448,T3
MX,Mexico City,5764608011902126572,T1
MX,Mexico City,5764608058182076949,T3
MX,Mexico City,5764607819341629993,T1
MX,Mexico City,5764607851344168952,T2
MX,Mexico City,5764608002402025500,T1
MX,Mexico City,5764607847879674032,T3
MX,Mexico City,5764607864258430847,T3
MX,Mexico City,5764608071989724547,T1
MX,Mexico City,5764607969896171706,T3
MX,Mexico City,5764607925587543878,T3
MX,Mexico City,5764607932856272903,T3
MX,Mexico City,5764607992495081673,T3
MX,Mexico City,5764607851759404489,T3
MX,Mexico City,5764607937839106907,T1
MX,Mexico City,5764607862022866915,T3
MX,Mexico City,5764607636595804838,T2
MX,Mexico City,5764607972983179075,T2
MX,Mexico City,5764607959964060298,T3
MX,Mexico City,5764607919317060447,T3
MX,Mexico City,5764607811238234172,T2
MX,Mexico City,5764607631663300679,T3
MX,Mexico City,5764607966641391938,T3
MX,Mexico City,5764608026963871563,T3
MX,Mexico City,5764607589682514842,T1
MX,Mexico City,5764608018990500389,T1
MX,Mexico City,5764607952376564154,T3
MX,Mexico City,5764607547110327390,T1
MX,Mexico City,5764607768175315567,T2
MX,Mexico City,5764607832893425818,T3
MX,Mexico City,5764608004604037008,T3
MX,Mexico City,5764607837360359849,T1
MX,Mexico City,5764607977043264091,T1
MX,Mexico City,5764607894029601639,T1
MX,Mexico City,5764608050061904471,T2
MX,Mexico City,5764607987445139809,T3
MX,Mexico City,5764607966981130390,T3
MX,Mexico City,5764607864178739059,T3
MX,Mexico City,5764607819601675034,T3
MX,Mexico City,5764608000820775465,T3
MX,Mexico City,5764608034584921823,T2
MX,Mexico City,5764607825347873079,T3
MX,Mexico City,5764607955237078883,T3
MX,Mexico City,5764607859665668911,T3
MX,Mexico City,5764607875167815557,T1
MX,Mexico City,5764608063248796480,T1
MX,Mexico City,5764608016134178705,T3
MX,Mexico City,5764607921334519526,T3
MX,Mexico City,5764607963944454621,T2
MX,Mexico City,5764608057968166913,T2
MX,Mexico City,5764607840975849842,T3
MX,Mexico City,5764607966381345296,T1
MX,Mexico City,5764607987390613649,T1
MX,Mexico City,5764607889948543394,T1
MX,Mexico City,5764607961633393118,T1
MX,Mexico City,5764607875629188584,T3
MX,Mexico City,5764607950052920118,T3
MX,Mexico City,5764608042986112088,T3
MX,Mexico City,5764608067602483697,T1
MX,Mexico City,5764607639271772151,T1
MX,Mexico City,5764608067942222347,T3
MX,Mexico City,5764608015282735058,T3
MX,Mexico City,5764608056303028146,T1
MX,Mexico City,5764607975784974655,T1
MX,Mexico City,5764607803847870336,T3
MX,Mexico City,5764607574901788081,T3
MX,Mexico City,5764608061260695272,T3
MX,Mexico City,5764607808549685818,T3
MX,Mexico City,5764607844582951664,T1
MX,Mexico City,5764607808784566770,T3
MX,Mexico City,5764607926522874434,T1
MX,Mexico City,5764607813545101407,T3
MX,Mexico City,5764608069074682956,T1
MX,Mexico City,5764607914535551132,T3
MX,Mexico City,5764607825821829269,T3
MX,Mexico City,5764607873125190105,T3
MX,Mexico City,5764607816242038908,T3
MX,Mexico City,5764607851147036976,T1
MX,Mexico City,5764608002448165320,T2
MX,Mexico City,5764607929689573267,T3
MX,Mexico City,5764607909909236149,T1
MX,Mexico City,5764607800559536101,T2
MX,Mexico City,5764607921149971454,T3
MX,Mexico City,5764607977122956953,T1
MX,Mexico City,5764607875650161058,T1
MX,Mexico City,5764608027551074651,T3
MX,Mexico City,5764607821279397670,T3
MX,Mexico City,5764607996794243409,T3
MX,Mexico City,5764607944013120599,T1
MX,Mexico City,5764607977357837788,T1
MX,Mexico City,5764607998648125328,T3
MX,Mexico City,5764607746662730741,T3
MX,Mexico City,5764607855475557289,T1
MX,Mexico City,5764607842741651476,T1
MX,Mexico City,5764607949759318509,T3
MX,Mexico City,5764607995754055449,T3
MX,Mexico City,5764608027198750876,T3
MX,Mexico City,5764608064377063787,T3
MX,Mexico City,5764607962040239895,T3
MX,Mexico City,5764607590965970727,T3
MX,Mexico City,5764607740031534913,T2
MX,Mexico City,5764607809124304137,T1
MX,Mexico City,5764608012543854954,T1
MX,Mexico City,5764607950174553241,T3
MX,Mexico City,5764607989869447002,T3
MX,Mexico City,5764607875968928144,T3
MX,Mexico City,5764607890275698667,T1
MX,Mexico City,5764607585161055100,T1
MX,Mexico City,5764607964728788904,T2
MX,Mexico City,5764608005077992472,T1
MX,Mexico City,5764608068068051595,T3
MX,Mexico City,5764608016155150658,T1
MX,Mexico City,5764608050103847246,T2
MX,Mexico City,5764608009159050540,T3
MX,Mexico City,5764608047004256678,T1
MX,Mexico City,5764608036824680758,T3
MX,Mexico City,5764607782779883030,T2
MX,Mexico City,5764607595982356543,T3
MX,Mexico City,5764608065429834130,T1
MX,Mexico City,5764607986551753624,T3
MX,Mexico City,5764607983401830877,T1
MX,Mexico City,5764607919266728815,T2
MX,Mexico City,5764607974358911125,T3
MX,Mexico City,5764607683039330991,T1
MX,Mexico City,5764607814694341174,T3
MX,Mexico City,5764608010669000809,T3
MX,Mexico City,5764607987071846418,T2
MX,Mexico City,5764608049244014588,T3
MX,Mexico City,5764607531281026271,T1
MX,Mexico City,5764607973176117726,T3
MX,Mexico City,5764608014703920844,T2
MX,Mexico City,5764608033339214162,T1
MX,Mexico City,5764607899025017204,T2
MX,Mexico City,5764607959330719390,T1
MX,Mexico City,5764607873473317480,T1
MX,Mexico City,5764607802967066331,T2
MX,Mexico City,5764607939038676730,T1
MX,Mexico City,5764607796713360100,T1
MX,Mexico City,5764607706326109120,T3
MX,Mexico City,5764607816011351939,T3
MX,Mexico City,5764607945531459892,T1
MX,Mexico City,5764608063273962078,T2
MX,Mexico City,5764607809082362354,T2
MX,Mexico City,5764607704795187152,T1
MX,Mexico City,5764607846822709199,T1
MX,Mexico City,5764607825725360203,T2
MX,Mexico City,5764607633064202169,T1
MX,Mexico City,5764607886723121316,T3
MX,Mexico City,5764607938757658665,T1
MX,Mexico City,5764608041119646642,T3
MX,Mexico City,5764607891479464453,T3
MX,Mexico City,5764607999164024955,T2
MX,Mexico City,5764607911985414204,T1
MX,Mexico City,5764607799003450174,T2
MX,Mexico City,5764607982823016176,T3
MX,Mexico City,5764607984895001726,T3
MX,Mexico City,5764608015093991392,T3
MX,Mexico City,5764607927676307645,T1
MX,Mexico City,5764607854368261168,T2
MX,Mexico City,5764607870294035061,T1
MX,Mexico City,5764607845941904306,T3
MX,Mexico City,5764607583445582200,T3
MX,Mexico City,5764607932235515675,T3
MX,Mexico City,5764607802270812778,T2
MX,Mexico City,5764607944344471915,T2
MX,Mexico City,5764607832457217740,T1
MX,Mexico City,5764607997800875925,T3
MX,Mexico City,5764607896898502956,T3
MX,Mexico City,5764607801058658805,T1
MX,Mexico City,5764607996542585157,T3
MX,Mexico City,5764608025135154930,T3
MX,Mexico City,5764607887889140436,T1
MX,Mexico City,5764607861586660372,T3
MX,Mexico City,5764607770259885844,T3
MX,Mexico City,5764607871510383251,T2
MX,Mexico City,5764607690312257373,T3
MX,Mexico City,5764607955610372265,T3
MX,Mexico City,5764607553036880785,T1
MX,Mexico City,5764607784935755037,T1
MX,Mexico City,5764607878774917727,T2
MX,Mexico City,5764607878842026539,T2
MX,Mexico City,5764608063093606491,T1
MX,Mexico City,5764608006202067145,T3
MX,Mexico City,5764607953907485012,T3
MX,Mexico City,5764608007972062868,T1
MX,Mexico City,5764608057980750136,T1
MX,Mexico City,5764608041664907048,T1
MX,Mexico City,5764608020513032641,T1
MX,Mexico City,5764608004037806326,T1
MX,Mexico City,5764607911347882487,T3
MX,Mexico City,5764607900883093574,T2
MX,Mexico City,5764607804682537537,T3
MX,Mexico City,5764607895329834178,T3
MX,Mexico City,5764607827742820836,T3
MX,Mexico City,5764608062380574484,T1
MX,Mexico City,5764607661484805935,T2
MX,Mexico City,5764607898718832333,T2
MX,Mexico City,5764607990595062183,T1
MX,Mexico City,5764607986463672300,T1
MX,Mexico City,5764607824769058690,T1
MX,Mexico City,5764607951239907578,T2
MX,Mexico City,5764608034937244121,T1
MX,Mexico City,5764607646557274164,T1
MX,Mexico City,5764608008437631542,T2
MX,Mexico City,5764607977726935107,T1
MX,Mexico City,5764607890133092253,T1
MX,Mexico City,5764607725477300149,T2
MX,Mexico City,5764607968310724542,T3
MX,Mexico City,5764607896177083745,T1
MX,Mexico City,5764607619059417961,T1
MX,Mexico City,5764608038884084268,T3
MX,Mexico City,5764608048958801785,T1
MX,Mexico City,5764607562855746396,T3
MX,Mexico City,5764607998773954894,T1
MX,Mexico City,5764608068919493644,T1
MX,Mexico City,5764608055564830904,T3
MX,Mexico City,5764607986467867356,T3
MX,Mexico City,5764607897338906986,T3
MX,Mexico City,5764607841693075238,T3
MX,Mexico City,5764608025068046362,T3
MX,Mexico City,5764607881031452751,T3
MX,Mexico City,5764607905442302797,T1
MX,Mexico City,5764607967392172548,T3
MX,Mexico City,5764607899431864990,T3
MX,Mexico City,5764607544618909747,T3
MX,Mexico City,5764607920441133711,T1
MX,Mexico City,5764607882772088094,T3
MX,Mexico City,5764607964766538229,T3
MX,Mexico City,5764608013944752321,T3
MX,Mexico City,5764607873104218607,T1
MX,Mexico City,5764608023562290259,T3
MX,Mexico City,5764607967501224476,T2
MX,Mexico City,5764607995284293680,T3
MX,Mexico City,5764608033502789782,T2
MX,Mexico City,5764607841026179074,T1
MX,Mexico City,5764607994021808799,T1
MX,Mexico City,5764607813108891795,T3
MX,Mexico City,5764608023713285949,T3
MX,Mexico City,5764608024313071266,T3
MX,Mexico City,5764608032106087511,T3
MX,Mexico City,5764608061394911998,T1
MX,Mexico City,5764607960626759704,T3
MX,Mexico City,5764607861267891345,T3
MX,Mexico City,5764607763435752380,T2
MX,Mexico City,5764607977089403654,T3
MX,Mexico City,5764607941890804300,T3
MX,Mexico City,5764607993304582697,T1
MX,Mexico City,5764607801725552780,T3
MX,Mexico City,5764608046131841700,T3
MX,Mexico City,5764607974161779268,T1
MX,Mexico City,5764608039701973548,T1
MX,Mexico City,5764607721111027786,T3
MX,Mexico City,5764608023872669568,T1
MX,Mexico City,5764607910949423708,T1
MX,Mexico City,5764608008529906152,T1
MX,Mexico City,5764607944197671414,T1
MX,Mexico City,5764607954607934386,T1
MX,Mexico City,5764607918151042989,T2
MX,Mexico City,5764608043883694115,T3
MX,Mexico City,5764607803315193728,T2
MX,Mexico City,5764607905496828589,T2
MX,Mexico City,5764608009133885693,T2
MX,Mexico City,5764608064427395569,T3
MX,Acapulco,5764607843702147642,T3
MX,Acapulco,5764607851797151943,T3
MX,Acapulco,5764607933128903008,T3
MX,Acapulco,5764607988871202854,T3
MX,Acapulco,5764607897053694577,T1
MX,La Paz,5764607806704191471,T3
MX,La Paz,5764607811577972520,T3
MX,La Paz,5764607846692684822,T1
MX,La Paz,5764607871950783898,T1
MX,La Paz,5764607992235034734,T3
CR,San Jose,5764607760625568310,T3
CR,San Jose,5764608021372864430,T3
CR,San Jose,5764608005627446361,T3
CR,San Jose,5764608052041615212,T3
CR,San Jose,5764607853885917532,T2
CR,San Jose,5764607640458760154,T3
CR,San Jose,5764607719823379375,T3
CR,San Jose,5764607859615337076,T3
CR,San Jose,5764607799599039684,T3
CR,San Jose,5764608053270546794,T1
CR,San Jose,5764607757819577412,T2
CR,San Jose,5764607748361424835,T3
CR,San Jose,5764607827780569463,T3
CR,San Jose,5764607790468041954,T3
CR,San Jose,5764607990746056844,T2
CR,San Jose,5764607914501998420,T3
CR,San Jose,5764608003391881361,T3
CR,San Jose,5764607685056793153,T2
CR,San Jose,5764608002288780542,T2
CR,San Jose,5764607837049981606,T3
CR,San Jose,5764607713930383313,T3
CR,San Jose,5764608001512834855,T3
CR,San Jose,5764607968864372502,T3
CR,San Jose,5764607851692294940,T3
CR,San Jose,5764607869031548799,T3
CR,San Jose,5764607929270143376,T2
CR,San Jose,5764607770335381258,T3
CR,San Jose,5764608015232404147,T3
CR,San Jose,5764607611710999791,T3
CR,San Jose,5764607957325841434,T3
CR,San Jose,5764607956507953415,T3
CR,San Jose,5764608003949726348,T3
CR,San Jose,5764607885049596701,T3
CR,San Jose,5764607887931082713,T3
CR,San Jose,5764607910408357793,T3
CR,San Jose,5764607906377632075,T3
CR,San Jose,5764607921414212509,T2
CO,Medellin,5764607949188892595,T3
CO,Medellin,5764608027454605790,T2
CO,Medellin,5764607851323197583,T2
CO,Medellin,5764607809841531521,T3
CO,Medellin,5764608044261181089,T2
CO,Medellin,5764607893027161492,T3
CO,Medellin,5764607649627508355,T3
CO,Medellin,5764607967450892607,T3
CO,Medellin,5764607947318232902,T2
CO,Medellin,5764607845878991554,T3
CO,Medellin,5764608043241965493,T3
CO,Medellin,5764608024950606176,T1
CO,Medellin,5764607978708405080,T2
CO,Medellin,5764607921397434373,T2
CO,Medellin,5764608065010403853,T3
CO,Medellin,5764607820688001350,T2
CO,Medellin,5764607887331298112,T3
CO,Medellin,5764607799582263912,T3
CO,Medellin,5764607985196992505,T3
CO,Medellin,5764607922907384312,T3
CO,Medellin,5764608019326045006,T2
CO,Medellin,5764608072404962157,T3
CO,Medellin,5764608008844476416,T2
CO,Medellin,5764607833635818269,T2
CO,Medellin,5764607846009014836,T2
CO,Medellin,5764607890812569963,T3
CO,Medellin,5764607892540622932,T3
CO,Medellin,5764607996756494954,T3
CO,Medellin,5764607843727313312,T3
CO,Medellin,5764607859124603534,T3
CO,Medellin,5764607880700103052,T2
CO,Medellin,5764607802711214503,T1
CO,Medellin,5764607834852166009,T1
CO,Medellin,5764607885217368567,T2
CO,Medellin,5764607922508925698,T2
CO,Medellin,5764607945409825292,T3
CO,Medellin,5764607930679430094,T1
CO,Medellin,5764608012246059430,T2
CO,Medellin,5764607889759799258,T2
CO,Medellin,5764607992641882137,T3
CO,Medellin,5764607852761844078,T3
CO,Medellin,5764607953978787855,T3
CO,Medellin,5764607835321926690,T3
CO,Medellin,5764607863029499694,T1
CO,Medellin,5764607808960727400,T1
CO,Medellin,5764607998954309568,T3
CO,Medellin,5764608019284101088,T3
CO,Medellin,5764607889113875241,T2
CO,Medellin,5764608070928566608,T3
CO,Medellin,5764608037965532091,T2
CO,Medellin,5764607940187915019,T1
CO,Medellin,5764607875893430269,T3
CO,Medellin,5764607867660012437,T3
CO,Medellin,5764607916242633702,T3
CO,Barranquilla,5764607839566563491,T1
CO,Barranquilla,5764608062762256884,T1
CO,Barranquilla,5764607980939774259,T3
CO,Barranquilla,5764607589485381843,T1
CO,Barranquilla,5764607685979539765,T2
CO,Barranquilla,5764607727175994997,T1
CO,Barranquilla,5764607993187142221,T2
CO,Barranquilla,5764607979354327661,T3
CO,Barranquilla,5764607547684949328,T2
CO,Barranquilla,5764607864094852945,T1
CO,Barranquilla,5764607595462266054,T1
CO,Barranquilla,5764607901101197904,T3
CO,Barranquilla,5764608024283712433,T1
CO,Barranquilla,5764607885905232803,T1
CO,Barranquilla,5764607976191821610,T3
CO,Barranquilla,5764607826346116904,T3
CO,Barranquilla,5764608055384476129,T3
CO,Barranquilla,5764607710977592956,T2
CO,Barranquilla,5764607640840441146,T1
CO,Barranquilla,5764607957095156180,T3
CO,Barranquilla,5764607885271894933,T3
CO,Barranquilla,5764607886446298925,T3
CO,Barranquilla,5764608050913347903,T3
CO,Barranquilla,5764607579444218285,T3
CO,Barranquilla,5764607778426194393,T3
CO,Barranquilla,5764607631042546996,T3
MX,Torreon,5764607919761654347,T3
MX,Torreon,5764607808776177784,T2
MX,Torreon,5764608009742060391,T1
MX,Torreon,5764607920193667696,T2
MX,Torreon,5764607861347584616,T3
MX,Torreon,5764608013714065653,T3
MX,Torreon,5764607843257550850,T3
MX,Torreon,5764608057569708660,T3
MX,Torreon,5764607890242144975,T2
MX,Torreon,5764608042470214127,T2
MX,Torreon,5764607854229850601,T3
MX,Torreon,5764607820184684333,T3
MX,Torreon,5764608037613210243,T3
MX,Torreon,5764608057448073208,T3
MX,Torreon,5764607858038278966,T3
MX,Torreon,5764607883321542430,T1
MX,Celaya,5764607866917620432,T3
MX,Celaya,5764607588877207460,T3
MX,Celaya,5764607967434115203,T3
MX,Celaya,5764607842024426063,T3
MX,Celaya,5764608018327800460,T1
CO,Cali,5764607825356260575,T3
CO,Cali,5764608004008446824,T3
CO,Cali,5764608040352089782,T2
CO,Cali,5764607994923584373,T2
CO,Cali,5764607762341037085,T1
CO,Cali,5764607584557075309,T3
CO,Cali,5764607871451662364,T3
CO,Cali,5764607943912458290,T2
CO,Cali,5764608030403201741,T3
CO,Cali,5764607837901425441,T3
CO,Cali,5764607845379869027,T3
CO,Cali,5764607919677770213,T3
CO,Cali,5764607853919471271,T3
CO,Cali,5764607887935277503,T3
CO,Cali,5764607987629689494,T3
CO,Cali,5764607793596991089,T2
CO,Cali,5764608019095358051,T3
CO,Cali,5764608030633888548,T3
CO,Cali,5764607961364957989,T2
CO,Cali,5764607992260201165,T3
CO,Cali,5764607601527229236,T1
CO,Cali,5764608036237477150,T3
CO,Cali,5764608003945531944,T3
CO,Cali,5764607894100903963,T1
CO,Cali,5764608000627836108,T1
CO,Cali,5764608033020447587,T3
CO,Cali,5764607796952435916,T3
CO,Cali,5764607851113482538,T3
CO,Cali,5764608027039369599,T3
CO,Cali,5764607958185675093,T3
CO,Cali,5764607995749862230,T2
MX,Durango,5764608009901443005,T3
MX,Durango,5764607608401694265,T2
MX,Durango,5764607904972539525,T1
MX,Durango,5764608032240305730,T1
MX,Durango,5764607996328675926,T3
MX,Durango,5764607884898601859,T3
MX,Durango,5764608069309565415,T2
MX,Durango,5764608000921438786,T1
MX,Durango,5764607802782517848,T3
MX,Durango,5764607835561002286,T2
MX,Durango,5764607963281752910,T3
MX,Durango,5764607877134943885,T2
MX,Durango,5764607993791121799,T1
MX,Durango,5764608005111548223,T3
MX,Durango,5764607958324084840,T1
MX,Durango,5764607811645082084,T3
MX,Durango,5764608072706951130,T3
MX,Durango,5764607998639737341,T3
MX,Durango,5764607813649958633,T1
MX,Durango,5764607700651216296,T2
MX,Durango,5764608055657105810,T1
MX,Durango,5764608021062486502,T1
MX,Durango,5764608000787220441,T1
MX,Durango,5764607898727221199,T3
MX,Durango,5764607790346406822,T3
MX,Durango,5764607986493032562,T3
MX,Durango,5764607808629377742,T1
MX,Durango,5764607675841907631,T3
MX,Durango,5764607809438878004,T3
MX,Durango,5764608033163052625,T2
MX,Durango,5764607863717366282,T2
MX,Durango,5764607809011058808,T2
MX,Tepic,5764607968587549042,T3
MX,Tepic,5764607885896846235,T3
MX,Tepic,5764607874542864373,T3
MX,Tepic,5764607848173274945,T3
MX,Tepic,5764607982240006902,T3
MX,Tepic,5764607886416939513,T3
MX,Tepic,5764607905408748161,T1
MX,Tepic,5764608064192513911,T3
MX,Tepic,5764608068068051534,T1
MX,Tepic,5764607862291302797,T3
MX,Tepic,5764607941194549019,T1
MX,Tepic,5764608004000057389,T3
MX,Tepic,5764607954335302917,T3
MX,Tepic,5764607957707524016,T2
MX,Tepic,5764608069280204769,T3
MX,Tepic,5764608060304394252,T1
MX,Tepic,5764607956629587984,T3
MX,Tepic,5764607980772002345,T1
MX,Tepic,5764607798219115081,T3
MX,Tepic,5764607854737359048,T3
MX,Tepic,5764607875364948466,T1
MX,Tepic,5764608058526007729,T3
MX,Tepic,5764607916511070122,T1
MX,Tepic,5764607698273045624,T3
MX,Tepic,5764607853747505202,T3
MX,Tepic,5764607833988139542,T3
MX,Tepic,5764608004255910216,T3
MX,Coatzacoalcos,5764608002540439683,T3
MX,Coatzacoalcos,5764607916171329643,T3
MX,Coatzacoalcos,5764607861599240273,T3
MX,Coatzacoalcos,5764607991601693004,T3
MX,Morelia,5764607909863098974,T1
MX,Morelia,5764607646972512364,T3
MX,Morelia,5764607965378904589,T3
MX,Morelia,5764607950434601210,T3
MX,Morelia,5764607692963057232,T3
MX,Morelia,5764607561568094673,T2
MX,Morelia,5764607630551812890,T3
MX,Morelia,5764607642824346614,T3
MX,Morelia,5764607964925921754,T3
MX,Morelia,5764608014666170444,T3
MX,Morelia,5764608070752405410,T3
MX,Morelia,5764607770821921585,T3
MX,Morelia,5764608015869937678,T1
MX,Morelia,5764607907925330408,T1
MX,Morelia,5764608059381647741,T3
MX,Morelia,5764608053002110999,T3
MX,Morelia,5764607833199610497,T3
MX,Morelia,5764607544488886530,T3
MX,Morelia,5764607596007525120,T3
MX,Morelia,5764607695240564352,T3
MX,Morelia,5764607925180697067,T3
MX,Morelia,5764608068411983788,T2
MX,Morelia,5764607921485515392,T2
MX,Morelia,5764608029404955345,T1
MX,Morelia,5764607742778802717,T1
MX,Morelia,5764607886815396909,T1
MX,Morelia,5764608021762935166,T1
MX,Morelia,5764607891106171511,T3
MX,Morelia,5764607611018939351,T1
MX,Morelia,5764607991169680556,T1
MX,Morelia,5764607941291019078,T2
MX,Morelia,5764607714177843462,T1
MX,Morelia,5764607897938692717,T1
MX,Los Cabos,5764607926489319331,T1
MX,Los Cabos,5764607865269258384,T3
MX,Los Cabos,5764608059352287240,T1
MX,Los Cabos,5764607895011066968,T3
MX,Los Cabos,5764607813742234244,T1
MX,Los Cabos,5764607959943087752,T3
MX,Los Cabos,5764607923914016805,T1
MX,Los Cabos,5764608019032441742,T1
MX,Los Cabos,5764607760151612408,T3
MX,Los Cabos,5764607859485312988,T1
MX,Los Cabos,5764607682263387368,T2
MX,Los Cabos,5764607824299296679,T3
MX,Los Cabos,5764607834650839297,T1
MX,Los Cabos,5764607851394500628,T3
MX,Los Cabos,5764607836949317578,T3
MX,Los Cabos,5764607568966848033,T1
MX,Los Cabos,5764608046442218580,T3
MX,Toluca,5764607526373689821,T2
MX,Toluca,5764607916473321841,T3
MX,Toluca,5764607975084523687,T1
MX,Toluca,5764607905748484260,T1
MX,Toluca,5764607551266884127,T3
MX,Toluca,5764607870705076840,T1
MX,Toluca,5764608037621599054,T3
MX,Toluca,5764607817655519610,T3
MX,Toluca,5764607991672995942,T3
MX,Toluca,5764607966377150405,T1
MX,Toluca,5764607838035643273,T1
MX,Toluca,5764608061105504408,T1
MX,Toluca,5764607903286429659,T3
MX,Toluca,5764608070181980127,T2
MX,Toluca,5764608047138474423,T3
MX,Toluca,5764607843903473799,T1
MX,Toluca,5764607916448155446,T1
MX,Toluca,5764607868335294514,T1
MX,Toluca,5764608040905738856,T3
MX,Toluca,5764607761166634342,T1
MX,Toluca,5764608031745378260,T3
MX,Toluca,5764607620275765991,T3
MX,Toluca,5764607913021409721,T3
MX,Toluca,5764607566869694928,T1
MX,Toluca,5764607724466471751,T3
MX,Toluca,5764607977949235600,T3
MX,Toluca,5764607854099825448,T1
MX,Toluca,5764607958034679427,T1
MX,Toluca,5764607856238922165,T3
MX,Toluca,5764607858008918817,T3
MX,Toluca,5764607883573201502,T1
MX,Toluca,5764608034429733003,T1
MX,Toluca,5764607872319883918,T1
MX,Toluca,5764607955056724762,T3
MX,Toluca,5764607864291985273,T3
MX,Toluca,5764607951776778280,T3
MX,Toluca,5764607689062351033,T2
MX,Toluca,5764607822059538816,T3
MX,Toluca,5764607839088413454,T3
MX,Toluca,5764607923083544509,T1
MX,Toluca,5764607985113106933,T1
MX,Toluca,5764607780879861656,T1
MX,Toluca,5764607686793235325,T3
MX,Toluca,5764608047121697233,T3
MX,Leon,5764607887633288164,T3
MX,Leon,5764607896147724751,T3
MX,Leon,5764607927764387846,T1
MX,Leon,5764607844067051554,T3
MX,Leon,5764608057901057744,T3
MX,Leon,5764608058177882687,T3
MX,Leon,5764607921435182836,T2
MX,Leon,5764608027718846971,T1
MX,Leon,5764607800832166035,T3
MX,Leon,5764607836055931723,T1
MX,Leon,5764608072669202259,T3
MX,Leon,5764607929656018289,T2
MX,Leon,5764607863847389990,T3
MX,Leon,5764607598595410412,T1
MX,Leon,5764607920579545724,T2
MX,Leon,5764607771358793637,T1
MX,Leon,5764608044496062402,T1
MX,Leon,5764607722809722988,T2
MX,Leon,5764607848643037891,T3
MX,Leon,5764607939781069562,T2
MX,Leon,5764607894230927984,T2
MX,Leon,5764608037793565072,T3
MX,Leon,5764607942113100836,T2
MX,Leon,5764608019728698063,T3
MX,Leon,5764607919044430319,T3
MX,Leon,5764607725674433711,T3
MX,Leon,5764607549832429928,T1
MX,Leon,5764607842682931219,T3
MX,Leon,5764607934320084016,T1
MX,Leon,5764608042830922754,T3
MX,Leon,5764607931698643058,T1
MX,Leon,5764607938057210528,T3
MX,Leon,5764607812647519533,T1
MX,Leon,5764608043241965747,T3
MX,Leon,5764607852162058489,T3
MX,Leon,5764608037814536036,T1
MX,Leon,5764607990129492144,T3
MX,Leon,5764607824580315721,T1
MX,Leon,5764607590626233328,T3
MX,Leon,5764607994495765001,T3
MX,Leon,5764607902556621158,T3
MX,Tijuana,5764607994491568764,T2
MX,Tijuana,5764607824597092296,T3
MX,Tijuana,5764608068441343821,T3
MX,Tijuana,5764607911356270594,T3
MX,Tijuana,5764607573047905158,T3
MX,Tijuana,5764607837544909740,T3
MX,Tijuana,5764607733513587225,T1
MX,Tijuana,5764607806544807951,T1
MX,Tijuana,5764607632443441390,T3
MX,Tijuana,5764607925348468758,T2
MX,Tijuana,5764607875192982376,T1
MX,Tijuana,5764607584695485386,T2
MX,Tijuana,5764608027546879820,T2
MX,Tijuana,5764607807689853550,T3
MX,Tijuana,5764608063680809577,T1
MX,Tijuana,5764608039509033612,T1
MX,Tijuana,5764607817600993715,T3
MX,Tijuana,5764607867072809283,T1
MX,Tijuana,5764607873322321696,T2
MX,Tijuana,5764607898353928836,T1
MX,Tijuana,5764608041618770745,T3
MX,Tijuana,5764607813687707602,T2
MX,Tijuana,5764608044491867855,T3
MX,Tijuana,5764608036573022713,T3
MX,Tijuana,5764607862463269479,T2
MX,Tijuana,5764608025479088000,T3
MX,Tijuana,5764607649879163115,T3
MX,Tijuana,5764607947544725520,T3
MX,Tijuana,5764607867601291877,T1
MX,San Luis Potosi,5764607967304091372,T1
MX,San Luis Potosi,5764607984421046169,T3
MX,San Luis Potosi,5764608029576923673,T1
MX,San Luis Potosi,5764608025583946477,T1
MX,San Luis Potosi,5764607946072524808,T1
MX,San Luis Potosi,5764607812882401289,T1
MX,San Luis Potosi,5764607959049702235,T3
MX,San Luis Potosi,5764607627653548785,T1
MX,San Luis Potosi,5764607954045897232,T1
MX,San Luis Potosi,5764607983598963501,T1
MX,San Luis Potosi,5764608068705585467,T3
MX,San Luis Potosi,5764607758213844459,T1
MX,San Luis Potosi,5764607730124590947,T3
MX,San Luis Potosi,5764607807341726283,T3
MX,San Luis Potosi,5764607800903469614,T3
MX,San Luis Potosi,5764607799808755076,T1
MX,San Luis Potosi,5764607931669285466,T1
MX,San Luis Potosi,5764607954507270881,T1
MX,San Luis Potosi,5764607922240489656,T1
MX,San Luis Potosi,5764607716182722580,T3
MX,San Luis Potosi,5764607900757264763,T2
MX,Aguascalientes,5764607632112094491,T3
MX,Aguascalientes,5764607987394808586,T3
MX,Aguascalientes,5764607998044146152,T3
MX,Aguascalientes,5764607988086868387,T3
MX,Aguascalientes,5764608014905245800,T1
MX,Aguascalientes,5764607879563445180,T3
MX,Aguascalientes,5764607809979943579,T1
MX,Aguascalientes,5764608070270061319,T3
MX,Aguascalientes,5764607816279785825,T1
MX,Aguascalientes,5764608066977532270,T3
MX,Aguascalientes,5764608019690948953,T3
MX,Aguascalientes,5764607863897720459,T1
MX,Aguascalientes,5764608041237088898,T2
MX,Aguascalientes,5764608063936661374,T3
MX,Aguascalientes,5764607528999323818,T3
MX,Aguascalientes,5764607723044605263,T3
MX,Aguascalientes,5764607952355592810,T1
MX,Aguascalientes,5764608026330532834,T1
MX,Aguascalientes,5764607981141101023,T3
MX,Aguascalientes,5764608045292980742,T1
MX,Aguascalientes,5764608005602281099,T3
MX,Aguascalientes,5764607840178931690,T2
MX,Aguascalientes,5764607590487821607,T3
MX,Aguascalientes,5764607875578858440,T3
MX,Aguascalientes,5764607952481421831,T3
MX,Aguascalientes,5764607960995858408,T3
MX,Aguascalientes,5764607578370474364,T3
MX,Aguascalientes,5764607631306787970,T1
MX,Aguascalientes,5764607860248676765,T1
MX,Aguascalientes,5764607887050278866,T3
MX,Aguascalientes,5764607837318416877,T1
MX,Aguascalientes,5764607999763810557,T3
MX,Aguascalientes,5764607851973315409,T3
MX,Veracruz,5764608040205290203,T3
MX,Veracruz,5764608048489039607,T3
MX,Veracruz,5764607693139215162,T3
MX,Veracruz,5764607876128312159,T3
MX,Veracruz,5764607568388033242,T1
MX,Veracruz,5764607869694249580,T3
MX,Veracruz,5764607820767693467,T1
MX,Veracruz,5764607900417526352,T1
MX,Veracruz,5764607832960535108,T3
MX,Veracruz,5764607528802192613,T3
MX,Veracruz,5764607537719283496,T3
MX,Veracruz,5764607683018362502,T3
MX,Veracruz,5764607874911963651,T3
MX,Veracruz,5764607890871289993,T1
MX,Veracruz,5764607978511272029,T3
MX,Veracruz,5764607906839005684,T2
MX,Irapuato,5764607863302128539,T1
MX,Irapuato,5764607931841251900,T3
MX,Irapuato,5764607780779198521,T3
MX,Irapuato,5764608069523474318,T2
MX,Irapuato,5764608043170662743,T2
MX,Irapuato,5764607981812190098,T3
MX,Irapuato,5764607802530859566,T1
MX,Zacatecas,5764607848789837875,T3
MX,Zacatecas,5764608059738162444,T1
MX,Zacatecas,5764607882579151464,T3
MX,Zacatecas,5764607851419666394,T2
MX,Zacatecas,5764607969262832116,T3
MX,Zacatecas,5764608065375307769,T3
MX,Zacatecas,5764607954960255433,T1
MX,Zacatecas,5764607997968647914,T3
MX,Zacatecas,5764608002242643328,T1
MX,Zacatecas,5764607818347579266,T2
MX,Zacatecas,5764607907807889233,T3
CO,Cartagena,5764607534154125247,T1
MX,Queretaro,5764607847749648549,T1
MX,Queretaro,5764607890208590329,T1
MX,Queretaro,5764607652479633878,T2
MX,Queretaro,5764607849368651723,T3
MX,Queretaro,5764607926342518826,T3
MX,Queretaro,5764607655541476355,T3
MX,Queretaro,5764608024401152641,T2
MX,Queretaro,5764608001340869319,T3
MX,Queretaro,5764608018277468178,T2
MX,Queretaro,5764607627997482290,T1
MX,Queretaro,5764607630962855870,T3
MX,Queretaro,5764608056630184359,T3
MX,Queretaro,5764607920873146407,T3
MX,Queretaro,5764607966507174235,T1
MX,Queretaro,5764607910752290587,T2
MX,Queretaro,5764607563925294609,T2
MX,Queretaro,5764607879508920878,T1
MX,Queretaro,5764608058777668019,T3
MX,Queretaro,5764607836374697693,T1
MX,Queretaro,5764607568660664242,T2
MX,Queretaro,5764607897938692477,T3
MX,Queretaro,5764607758696189253,T2
MX,Queretaro,5764607892876167475,T1
MX,Queretaro,5764608017459579251,T1
MX,Queretaro,5764607912111245622,T3
MX,Queretaro,5764607893505313273,T1
MX,Queretaro,5764607939177088795,T1
MX,Queretaro,5764607984634956312,T1
MX,Queretaro,5764607928951376199,T1
MX,Queretaro,5764607608208752860,T1
MX,Queretaro,5764607893996046643,T3
MX,Queretaro,5764608019472845153,T2
MX,Queretaro,5764607965156608478,T3
MX,Queretaro,5764607902313350794,T3
MX,Queretaro,5764607949453133898,T2
MX,Queretaro,5764608056433050669,T2
MX,Queretaro,5764607906658650756,T3
MX,Queretaro,5764607801910102089,T3
MX,Queretaro,5764608036409444729,T3
MX,Queretaro,5764607944554186559,T1
MX,Queretaro,5764608046320584863,T1
MX,Queretaro,5764607990204992164,T3
MX,Queretaro,5764607616584781600,T3
MX,Cuernavaca,5764608005208017734,T1
MX,Cuernavaca,5764607597995624525,T1
MX,Cuernavaca,5764607763679021590,T1
MX,Cuernavaca,5764607956579257037,T3
MX,Cuernavaca,5764607973088037524,T1
MX,Cuernavaca,5764608037789369481,T3
MX,Cuernavaca,5764607591049858598,T1
MX,Cuernavaca,5764607744402001214,T3
MX,Cuernavaca,5764607776203214368,T3
MX,Cuernavaca,5764607881241168469,T1
MX,Cuernavaca,5764607879886405654,T1
MX,Cuernavaca,5764607996265760515,T2
MX,Cuernavaca,5764607729784851761,T3
MX,Cuernavaca,5764607844654252187,T2
MX,Cuernavaca,5764607933967763913,T3
MX,Cuernavaca,5764607809564704941,T1
MX,Cuernavaca,5764607975210355326,T3
MX,Cuernavaca,5764608036950509631,T2
MX,Cuernavaca,5764608005476453143,T1
MX,Cuernavaca,5764607914992732771,T3
MX,Cuernavaca,5764607982575552762,T1
MX,Cuernavaca,5764608034400373703,T3
MX,Cuernavaca,5764607697350299600,T1
MX,Cuernavaca,5764608027572045889,T3
MX,Cuernavaca,5764607584078922490,T1
MX,Cuernavaca,5764607977970206726,T1
MX,Cuernavaca,5764607537094331925,T1
MX,Cuernavaca,5764607678073278247,T1
MX,Cuernavaca,5764607983083062835,T3
MX,Cuernavaca,5764607667952422051,T1
MX,Cuernavaca,5764607894813936134,T1
MX,Merida,5764607847053396506,T3
MX,Merida,5764607873485898917,T3
MX,Merida,5764607977567554071,T1
MX,Merida,5764607897657672674,T3
MX,Merida,5764607953303505414,T1
MX,Merida,5764607642602049001,T1
MX,Merida,5764607640240654943,T3
MX,Merida,5764607990460844556,T3
MX,Merida,5764607809040419164,T3
MX,Merida,5764607836831877533,T3
MX,Merida,5764607872269551983,T1
MX,Merida,5764608007900760588,T1
MX,Merida,5764607834470484554,T3
MX,Merida,5764607737888247322,T3
MX,Merida,5764607717789141442,T3
MX,Merida,5764607877587929678,T1
MX,Merida,5764607726890781602,T3
MX,Merida,5764607754086646761,T1
MX,Merida,5764607704614833369,T2
MX,Merida,5764607808235112986,T3
MX,Merida,5764607617209732396,T3
MX,Cordoba,5764607889256483382,T3
MX,Cordoba,5764607841957317097,T3
MX,Cordoba,5764607917584812666,T1
MX,Cordoba,5764607765021199261,T1
MX,Cordoba,5764607906721565143,T3
MX,Cordoba,5764607974354716852,T1
MX,Matamoros,5764607923679136339,T2
MX,Matamoros,5764607987642272326,T1
MX,Matamoros,5764608003576432491,T3
MX,Matamoros,5764607901055060607,T3
MX,Matamoros,5764608003643541468,T2
MX,Matamoros,5764607963541800933,T3
MX,Matamoros,5764607859137186423,T3
MX,Matamoros,5764607637480802470,T3
MX,Matamoros,5764607982353255000,T3
MX,Matamoros,5764607848114555354,T3
MX,Matamoros,5764607926128609957,T3
MX,Matamoros,5764607861645379321,T3
MX,Matamoros,5764607906151139539,T3
MX,Culiacan,5764608002108426625,T1
MX,Culiacan,5764607808356747837,T3
MX,Culiacan,5764607570749423876,T1
MX,Culiacan,5764608072488848093,T3
MX,Culiacan,5764607822579632138,T2
MX,Culiacan,5764608056814734210,T1
MX,Culiacan,5764608003152808442,T3
MX,Culiacan,5764608027257472772,T3
MX,Culiacan,5764607848273938483,T3
MX,Culiacan,5764607809627621395,T3
MX,Culiacan,5764607831463168842,T3
MX,Culiacan,5764607724915264671,T3
MX,Culiacan,5764607860554861151,T2
MX,Culiacan,5764607984504932768,T3
MX,Culiacan,5764607798118452037,T3
MX,Culiacan,5764608021947483443,T3
MX,Culiacan,5764608008185973325,T3
MX,Culiacan,5764607863427957354,T3
MX,Culiacan,5764607992117593879,T3
MX,Culiacan,5764607802832849222,T3
MX,Culiacan,5764608040322729735,T3
MX,Culiacan,5764607811657663048,T2
MX,Culiacan,5764607971645196779,T3
MX,Culiacan,5764608028515764180,T1
MX,Culiacan,5764607806297344612,T3
MX,Culiacan,5764607652957782276,T3
MX,Culiacan,5764607945434991187,T3
MX,Culiacan,5764607765935555626,T3
MX,Culiacan,5764608031284004643,T1
MX,Culiacan,5764607889126459897,T3
MX,Culiacan,5764607654866194029,T1
MX,Culiacan,5764607931300186090,T3
MX,Culiacan,5764607847296663806,T3
MX,Culiacan,5764608034853358192,T1
MX,Culiacan,5764608033137886954,T1
MX,Culiacan,5764607869060909529,T2
MX,Culiacan,5764608010195044545,T3
MX,Culiacan,5764608057087362907,T3
MX,Culiacan,5764607719492026629,T3
MX,Culiacan,5764607896722342825,T3
MX,Culiacan,5764607960949721726,T1
MX,Culiacan,5764607945401436207,T1
MX,Mexicali,5764608010027272758,T3
MX,Mexicali,5764607822613186868,T3
MX,Mexicali,5764607868737946955,T1
MX,Mexicali,5764607909410114183,T3
MX,Mexicali,5764607957883684783,T3
MX,Mexicali,5764607888644114590,T3
MX,Mexicali,5764608049080436667,T1
MX,Mexicali,5764608035318925923,T1
MX,Mexicali,5764607959498492228,T1
MX,Mexicali,5764607773409807668,T1
MX,Mexicali,5764607959670457565,T1
MX,Mexicali,5764607976229570909,T3
MX,Mexicali,5764607914778822749,T1
MX,Mexicali,5764607833061197781,T1
MX,Mexicali,5764607659911940732,T1
MX,Mexicali,5764607801662636144,T3
MX,Mexicali,5764608072195246010,T1
MX,Mexicali,5764607968063260526,T3
MX,Mexicali,5764607906985806134,T3
MX,Mexicali,5764608070517524968,T3
MX,Mexicali,5764608015089797460,T3
MX,Mexicali,5764607967970986554,T3
MX,Mexicali,5764607857920837941,T1
MX,Mexicali,5764608071385745511,T2
MX,Mexicali,5764607859053300420,T1
MX,Mexicali,5764607836697659926,T1
MX,Mexicali,5764607898215516189,T2
MX,Mexicali,5764608033494403148,T3
MX,Mexicali,5764607636935543763,T3
MX,Mexicali,5764608067883502375,T3
MX,Mexicali,5764607891701762555,T1
MX,Mexicali,5764607852757647506,T3
MX,Mexicali,5764607692715592935,T3
MX,Mexicali,5764607576856334291,T3
MX,Mexicali,5764608062082778973,T1
MX,Mexicali,5764607884248484012,T3
MX,Mexicali,5764607802585385695,T1
MX,Mexicali,5764607553821215712,T1
MX,Mexicali,5764607881933227892,T3
MX,Mexicali,5764607702798698549,T3
MX,Mexicali,5764607919820376677,T2
MX,Mexicali,5764608071729679339,T3
MX,Mexicali,5764607738467060758,T2
MX,Mexicali,5764607966498785794,T2
MX,Mexicali,5764607913990294012,T3
MX,Mexicali,5764608046341555959,T1
MX,Mexicali,5764608022182365726,T3
MX,Mexicali,5764607838287301142,T3
MX,Mexicali,5764607838950000707,T3
MX,Mexicali,5764608008152417313,T3
MX,Mexicali,5764607853252577245,T3
MX,Mexicali,5764607907363292164,T3
MX,Mexicali,5764607786194045171,T2
MX,Mexicali,5764607932751416232,T1
MX,Mexicali,5764607813083728370,T3
MX,San Cristobal de las Casas,5764607976099547158,T1
MX,San Cristobal de las Casas,5764607961994102798,T3
MX,San Cristobal de las Casas,5764607818808952013,T3
MX,San Cristobal de las Casas,5764607908336372318,T3
MX,San Cristobal de las Casas,5764607666522164244,T1
MX,Colima,5764607636369312714,T1
MX,Colima,5764608072295910105,T2
MX,Colima,5764607894134457251,T3
MX,Colima,5764607919832959538,T3
MX,Colima,5764607526755372019,T1
MX,Colima,5764607901638066725,T3
MX,Colima,5764607920931867358,T1
MX,Colima,5764607898060327675,T3
MX,Colima,5764607924371196510,T3
MX,Colima,5764607900312668780,T2
MX,Colima,5764607856972925420,T1
MX,Colima,5764608037051173480,T2
MX,Colima,5764607996815214642,T2
MX,Colima,5764608021125399955,T1
MX,Colima,5764608023214163764,T2
MX,Colima,5764607796960824924,T1
MX,Colima,5764607989319994096,T3
MX,Colima,5764607806439951177,T3
MX,Colima,5764607895996730264,T3
MX,Colima,5764607963734739307,T3
MX,Colima,5764607989588427857,T2
MX,Tlaxcala,5764607842175421186,T1
MX,Tlaxcala,5764607756406099007,T1
MX,Tlaxcala,5764607930528434906,T1
MX,Tlaxcala,5764607890359585482,T3
MX,Tlaxcala,5764607900207811156,T3
MX,Tlaxcala,5764607574897593208,T3
MX,Tlaxcala,5764607608485580178,T1
MX,Pachuca,5764608006470503086,T3
MX,Pachuca,5764608048379987909,T3
MX,Pachuca,5764607930012534808,T3
MX,Pachuca,5764608035436366377,T3
MX,Pachuca,5764607853386795048,T2
MX,Pachuca,5764607983292779529,T3
MX,Pachuca,5764607815705168435,T1
MX,Pachuca,5764607952401730186,T3
MX,Pachuca,5764607914095151660,T3
MX,Pachuca,5764607838366993036,T3
MX,Pachuca,5764607639070445338,T1
MX,Pachuca,5764607826069293481,T3
MX,Pachuca,5764608056105895759,T3
MX,Pachuca,5764607941546870808,T2
MX,Pachuca,5764607958705768253,T1
MX,Pachuca,5764607826711022496,T1
MX,Pachuca,5764607982529415869,T3
MX,Pachuca,5764607842011842745,T3
MX,Victoria,5764607666631216003,T3
MX,Victoria,5764607805571729382,T3
MX,Victoria,5764607619466268627,T3
MX,Victoria,5764607861989312331,T3
MX,Victoria,5764607562885105384,T3
MX,Victoria,5764607801650056075,T3
MX,Victoria,5764607720788069952,T1
MX,Victoria,5764607930582960308,T3
MX,Victoria,5764607673950275629,T3
PE,Lima,5764607934315890416,T3
PE,Lima,5764607576675979192,T2
PE,Lima,5764607938862516270,T3
PE,Lima,5764608032827509296,T3
PE,Lima,5764607981136906190,T3
PE,Lima,5764607859141380145,T3
PE,Lima,5764608071985531512,T3
PE,Lima,5764607908403481192,T3
PE,Lima,5764607944235420226,T3
PE,Lima,5764607855462975643,T3
PE,Lima,5764607684524115754,T3
PE,Lima,5764607625912911625,T3
PE,Lima,5764608048195438536,T3
MX,Hermosillo,5764607952452061795,T1
MX,Hermosillo,5764608001806436254,T3
MX,Hermosillo,5764608021544831506,T1
MX,Hermosillo,5764608054981823240,T3
MX,Hermosillo,5764607842427078586,T1
MX,Hermosillo,5764608042528934738,T3
MX,Hermosillo,5764608014397735042,T3
MX,Hermosillo,5764608035046295907,T1
MX,Hermosillo,5764607967023073218,T1
MX,Hermosillo,5764608060048540651,T1
MX,Hermosillo,5764607798483356670,T3
MX,Hermosillo,5764607928783604282,T3
MX,Hermosillo,5764607950363298310,T3
MX,Hermosillo,5764607530949673244,T3
MX,Hermosillo,5764608011847600061,T3
MX,Hermosillo,5764607901856170284,T1
MX,Hermosillo,5764608007888176340,T2
MX,Hermosillo,5764607941844666700,T3
MX,Hermosillo,5764607843995748679,T3
MX,Hermosillo,5764607859627919325,T3
MX,Hermosillo,5764607843324659442,T3
MX,Hermosillo,5764608061873063903,T1
MX,Hermosillo,5764607618560298445,T3
MX,Hermosillo,5764607527120273691,T3
MX,Villahermosa,5764607876103145768,T2
MX,Villahermosa,5764607875885041793,T3
MX,Villahermosa,5764607929744100005,T3
MX,Villahermosa,5764607961939575735,T1
MX,Villahermosa,5764608009624618578,T2
MX,Villahermosa,5764607705243979523,T3
MX,Villahermosa,5764607986753077753,T3
MX,Villahermosa,5764607871829149464,T3
MX,Villahermosa,5764607805911468005,T1
MX,Villahermosa,5764608041421636975,T3
MX,Villahermosa,5764607967916458834,T3
MX,Villahermosa,5764607999449238017,T3
MX,Villahermosa,5764607986929239450,T3
MX,Villahermosa,5764607956344375758,T3
MX,Villahermosa,5764607971032828370,T1
MX,Villahermosa,5764607906352466443,T3
MX,Villahermosa,5764608042889643893,T1
MX,Villahermosa,5764608007451969504,T2
MX,Villahermosa,5764607906792867842,T1
MX,Villahermosa,5764608049499868109,T3
MX,Villahermosa,5764608023524543063,T3
MX,Villahermosa,5764607930838813163,T3
MX,Villahermosa,5764608040133986236,T1
MX,Villahermosa,5764607547668172787,T1
MX,Villahermosa,5764607988304970664,T3
MX,Villahermosa,5764607659672865245,T3
MX,Villahermosa,5764608062263134645,T3
MX,Villahermosa,5764607964959476212,T2
MX,Villahermosa,5764607820952242186,T3
MX,Villahermosa,5764608030197679007,T3
MX,Los Mochis-Guasave,5764607763964235157,T2
MX,Los Mochis-Guasave,5764607920520825656,T1
MX,Los Mochis-Guasave,5764608033230162334,T1
MX,Los Mochis-Guasave,5764607801134156360,T1
MX,Los Mochis-Guasave,5764607693583813874,T1
MX,Los Mochis-Guasave,5764607804665760419,T3
MX,Los Mochis-Guasave,5764607819924638039,T3
MX,Los Mochis-Guasave,5764607736315382382,T2
MX,Los Mochis-Guasave,5764607973289363868,T1
MX,Los Mochis-Guasave,5764607937075743362,T1
MX,Los Mochis-Guasave,5764607861213366797,T3
MX,Los Mochis-Guasave,5764607620523231474,T1
MX,Los Mochis-Guasave,5764607974904170498,T3
MX,Nuevo Laredo,5764607826018961261,T3
MX,Nuevo Laredo,5764607800714725952,T3
MX,Nuevo Laredo,5764607898743999018,T3
MX,Nuevo Laredo,5764607640089659859,T1
MX,Nuevo Laredo,5764607859405621180,T3
MX,Nuevo Laredo,5764607895011067560,T3
MX,Nuevo Laredo,5764607930490686397,T3
MX,Nuevo Laredo,5764607862983362278,T3
MX,Nuevo Laredo,5764607622041569826,T3
MX,San Juan del Rio,5764607915202447927,T2
MX,San Juan del Rio,5764607799645177922,T2
MX,San Juan del Rio,5764607845065296027,T3
MX,San Juan del Rio,5764607938543749862,T3
MX,Xalapa,5764607941144218123,T1
MX,Xalapa,5764607931497317391,T3
MX,Xalapa,5764607649535233177,T3
MX,Xalapa,5764607781689361043,T3
MX,Xalapa,5764607920474688063,T3
MX,Xalapa,5764607884948931678,T3
MX,Xalapa,5764607853076417056,T3
MX,Xalapa,5764608068604920932,T3
MX,Xalapa,5764607848110361072,T3
MX,Xalapa,5764607955526486514,T3
MX,Xalapa,5764607673019140881,T3
MX,Ciudad Obregon,5764607890862902104,T2
MX,Ciudad Obregon,5764607982894320032,T3
MX,Ciudad Obregon,5764607750546656528,T3
MX,Ciudad Obregon,5764607811561196330,T1
MX,Ciudad Obregon,5764607859455952844,T3
MX,Ciudad Obregon,5764607946705865228,T1
MX,Tapachula,5764608024682170558,T3
MX,Tapachula,5764607826887182357,T3
MX,Chetumal,5764607829575731326,T3
MX,Chetumal,5764607917568034741,T1
MX,Tehuacan,5764607800656005051,T1
MX,Tehuacan,5764607989571651448,T3
MX,Tehuacan,5764607739939262232,T2
MX,Manzanillo,5764607932982102512,T3
MX,Solidaridad,5764607845652499067,T3
MX,Solidaridad,5764608016914319553,T3
MX,Solidaridad,5764607548670610970,T3
MX,Solidaridad,5764607672528407774,T3
MX,Campeche,5764607926237661698,T3
MX,Campeche,5764607895229172316,T3
MX,Campeche,5764608038825363519,T3
MX,Campeche,5764607818691512935,T3
MX,Campeche,5764607895984147105,T3
MX,Campeche,5764607810806221264,T3
MX,Puerto Vallarta,5764608051123062966,T3
MX,Puerto Vallarta,5764607866665961981,T2
MX,Puerto Vallarta,5764607911641483430,T1
MX,Puerto Vallarta,5764608025508448750,T2
MX,Puerto Vallarta,5764608052574291673,T1
MX,Puerto Vallarta,5764607560032979106,T3
MX,Puerto Vallarta,5764607603255283304,T3
MX,Puerto Vallarta,5764607902221076435,T3
CO,Bucaramanga,5764608048216409883,T3
CO,Bucaramanga,5764607967614469164,T3
CO,Bucaramanga,5764607973398416276,T2
CO,Bucaramanga,5764607878296767164,T2
CO,Bucaramanga,5764608021112818578,T1
CO,Bucaramanga,5764608048551955045,T3
MX,Delicias,5764607859703417370,T3
MX,Delicias,5764607664936717036,T3
MX,Navojoa,5764607992834820228,T3
MX,Navojoa,5764608066524546721,T1
MX,Carmen,5764607540726599139,T2
MX,Carmen,5764607921103831965,T1
MX,Poza Rica de Hidalgo,5764607836701854073,T3
MX,Poza Rica de Hidalgo,5764608033842530958,T1
MX,Salamanca,5764608036287810041,T3
